作者,电影名,url,完整影评
章涛,猎狐,https://movie.douban.com/review/12540693/,"此刻，终于可以跟大家开诚布公地分析一下郝小强这个人了。首先一定要明确的是，犯了罪，就要为此付出代价，这是毋庸置疑的。遵纪守法是每个公民应尽的义务。“郝小强”作为反面教材提醒每个人，法律红线不可逾越，法律底线不可触碰。
而今天我想以演员的身份，说一说我看到的郝小强。
他在我眼中是一个复杂与矛盾的集合体，偏执却活络，狂热却冷血。其实一开始看剧本，我也吃不准他的人物调性到底是以什么为基石，他说话办事有一定的调性但似乎缺少一个动机。我对于一个人物的判断是不看他说什么，而是看他做什么，所以我一直在他的实际行动里寻找答案。终于当我看到了这一场戏的时候，找到了这个人物的基调：
在王柏林大量抛售股票外逃之后，小强在被捕之前，带着小卉来到一处郊外的工地，工地已经建设了一半，工人们还在工作，见小强来了，便上来打招呼，小强拿出一笔钱给到工头，让他把剩下的工程做完，然后转头对小卉说：这就是我盖的第一座养老院。
这场戏让我一下看到了完整的郝小强，看到了他心中的乌托邦，我在那一刻接纳了这个妄想在成人世界打造一个他认为的童话故事的角色。但很可惜，最后因为种种原因这场戏从剧本中删除了，但这场戏在我的心中定下了郝小强的基调。很有趣不是吗？所有人都叫他骗子，可是从头到尾，这个角色居然没有说过一句谎话：他被人追债，是因为推荐给老板的股票会触底反弹，可老板没有等到反弹就翻脸了；他向股民推荐股票，说这几支会涨，股票是涨了，但是他也说了，什么时候抛，是股民的事；跟王柏林谈合作，他一上来就把自己的计划和要做的事情全盘托出；于小卉来质问他为什么操纵股市，他把他真实所想一五一十地全说了。所以郝小强做事的套路就是：他有野心，但野心表达地简单而直接，不绕弯，不迂回，他不愿意将时间和精力放在与人的勾心斗角上，满脑子都是他勾勒的宏图。
对于演员来说，只有你真正相信自己所塑造的角色，建立信念感，才能让观众相信角色的成立。以上并不是要为角色争辩，仅仅是我作为一个演员，在演绎过程中对郝小强这个人物的一些“感性剖析”，并且坦诚地与大家分享，而对于普通观众来说，并不需要这么去理解角色，郝小强这个角色身上的性格色彩，并不能干扰这个角色在剧中触碰法律的事实。
最后，我想特别感谢邓家佳女士，推荐我出演这一角色，并在创作过程中与我互相探讨、互相激励、互相折磨，这才打造出了一场又一场我们认为“无愧”的戏。
感谢刘新导演选择了我出演这一角色，并在创作过程中不停地满足我们任性地要求，并一度化身为“郝小强”，带领我们披荆斩棘。
感谢制片人张翼芸女士给我这个机会出演郝小强，并在一路拍摄中与工作人员风雨同舟，您绝对是我见过出现在现场平均时间最长，没有之一的总制片人。
感谢编剧赵冬苓老师，为郝小强铺下如此坚实的基底。
感谢每一位在我们争论时默默守在一旁耐心等待的导演，灯光，摄影，录音老师，感谢一遍一遍记录，推翻，再记录我们争论结果的制片组同仁....
好吧，谢不过来了。就到这里了，郝小强，谢幕了，感谢他来过我的生命中。"
如流,国土安全 第八季,https://movie.douban.com/review/12547195/,"Previously on Homeland......每一集都是这样开始的。
《国土安全》就这样结束了。从第1季到第8季，告别了Brody、Peter Quinn、Max，一次次告别，终于到了和整个剧告别的时候。整部剧情节人物太丰满，想来真的不知道该如果结束才好，这个大结局再次超乎想象，却也在情理之中。
从第一季Carrie没能成功保护自己的线人，到Brody被吊死后Carrie偷偷在墙上画上一颗星，后来Quinn竟然也走了，留下一句“don’t put a star on the wall for me”和几张照片。从第一季就默默一起工作的Max也在Carrie眼前被杀，并且由于不是正式职工被美国政府拒绝承认。而Carrie，到最后在明处更是把自己放在了对立面，在莫斯科与Yevgeny一起生活，并公开出版揭露CIA丑行的书籍，墙上的星星更与她无关。
亲密的伙伴一个个离开，一次次真真实实的贡献无法得到CIA认可。从2011年的第一季到2020年的第八季，从观众视角来看，都为Carrie感到疲惫，Carrie所剩，只有爱国热情，那么，也只能紧紧依靠着这份热情，把余生走下去。前七季中，Carrie一直有各种各样的线人获取信息，而在最后，她为了黑匣子让Saul失去了在俄罗斯最重要的线人，却把自己变成了一个线人。这结局让人感觉，在经历这么多后，Carrie的故事没有结束，才真正开始。
这就好像一个艺术家，在雕刻艺术作品的时候，最终把自己作为作品的一部分，进行宰割。作品是高质量的，而艺术家也牺牲在其中。不过就Carrie来说，她还能怎样呢？回归家庭过上正常人的生活，她从哪里找到自己的价值，又该如何面对导师Saul呢，更重要的是，她对国土安全的信念无处安放。
在所有看过的美剧中，Carrie不能算作是最喜欢的角色，毕竟像《国务卿夫人》之类的剧中，女主简直就是集理性与感性于一身的完人，但是从情感上，Carrie绝对是感情最深的那个。Carrie的眼神那么专注，躁郁症贯穿在她的生活和工作中，好像让我也和她一起经历这一切。就像Saul说的一样，Carrie永远知道更大的目标，在做有意义的事情。这样一样角色，她的幸与不幸相互交织。
Carrie有Saul这样的导师，引导她思考、为她想做的看似疯狂的决定提供支持和条件，在需要承担责任时，不会将Carrie推出去。在第八季中，Carrie被误解为叛国者时，Saul多次为Carrie说话，并用行动表示没有人能随意处置Carrie，而在此前，这样的场景也都在一次次出现。
Carrie有Quinn这样的伙伴和同事，可靠、聪明、值得信任。在Quinn去世的一集中，是我哭的最久的一集，反而大结局的时候心情很平淡。在Quinn去世时，倒不是本身对Quinn有什么感情，就是为Carrie感到难过，她失去了最认可她所作的一切的人，一个理解她的价值的人。Quinn的死让人感觉Carrie和Quinn所在做的一切毫无意义，换来的却是两段悲惨人生。Quinn在出发前留给Carrie的那封信，我还留着，现在读来仍感觉这封信写出了整部剧的基调。
Carrie, I guess I’m done, and we never happened.
I’m not one for words.
But they’re coming now.
I don’t believe in fate or destiny or horoscopes, but I can’t say I’m surprised things turned out this way.
I always felt there was something kind of pulling me back to darkness.
Does that make sense?
But I wasn’t allowed a real life or real love.
That was for normal people.
With you, I thought, “Ah, maybe, just maybe…”
But I know now that was a false glimmer.
I’m used to those – they happen all the time in the desert – but this one got to me.
And here’s the thing, this death, this end of me is exactly what should have happened.
I wanted the darkness.
I fucking asked for it.
It has me now.
So don’t put a star on the wall for me.
Don’t say some dumb speech.
Just think of me as a light on the headlands, a beacon, steering you clear of the rocks.
I loved you.
Yours, for always now, Quinn.
不过再往后看几季，又觉得Carrie和Quinn终究不一样，Carrie比Quinn更坚定，两个人对工作的信念也不是一个层面上的，Carrie要更主动一些，这可能是因为背后始终有导师Saul的支持。Quinn更像一个可靠的行动者，而Carrie充满天赋，从最后一季Carrie从Saul的红皮书中找到线人线索便能看出，实在是精彩。

从不幸的角度来看，感情上，Carrie一直在失去，工作上，Carrie的直觉和信念高于身边的大部分人，而她又总习惯另辟蹊径，导致不被理解，即使做出贡献也难被承认，而出了问题就是第一个替罪羊。只有最后一季中的总统表达了对Carrie工作的感谢，却在当天死于飞机坠毁，就好像Carrie宿命般的只能一个人在战斗。
我始终觉得Carrie只爱过Brody，对Quinn好像更多的是信任、亲人般的爱，对其他人就更是纯属为了获取情报而逢场作戏。最后的这个结局倒像是和Brody走向了同一条路，明面上的叛徒，实际上的贡献者，从这个角度，Carrie在剧终的笑可能非常由衷，也真的是在整部剧中少见的笑。既在做正确的事，还能重获导师信任，而且还和爱过的人走着同一条路。虽然道路艰险，但好像平凡之路也不适合我们的躁郁症Carrie。
没想到竟写了这么多，从头看一遍，又觉得有些可笑，毕竟这只是一部美剧不是吗？可是六年，在有更新时每周一集，和剧中人物相处时间已经多于很多现实中的人，终于看到结局，终究得写一篇记录。《国土安全》从来没让人失望，每一季的前几集都比较平淡，主要做铺垫，到五六集的时候开始到达一个又一个的高潮，八季96集了，我几乎没有预料到过下一集会演什么。但是又不是完全随意发挥，首先大部分情节都能对应现实中新闻里发生的事情，让人看新闻时都有更多理解；另外人物灵魂也很稳定，所有的事情看似出乎意料，想象这个人物性格，又觉得合乎情理。
可是总得说再见，现在就到了和Carrie告别的时候了。谁能不爱Carrie呢？
 公众号：当我想跳舞时 
《国土安全》大结局：Carrie的故事无法结束
© 本文版权归作者  如流  所有，任何形式转载请联系作者。"
陆冠均,风骚律师 第五季,https://movie.douban.com/review/12543040/," BCS第五季在意犹未尽中结束了。
本季的镜头、构图、情节、表演、细节、主题等各方面表现一如既往地优秀，相关的“溢美之词”我已经说过太多太多，有些老话就不重复了……即便如此，我依然想为《风骚律师》第五季再多嘴几句。
观众们本以为这部剧越接近终点悬念会越少，结果却发现未知之谜更多了，光是金、拉罗、纳乔等人的命运就让人心焦不已……
以下将分五个方面对本季进行评述，多图长文预警，ACTION！
视觉享受
首先，我要不厌其烦地来吹一波律师的“视觉”表现力——在BB和BCS招牌式的稳定画面、对称镜头、精巧构图、光影明暗等基础上，本季还玩了不少新花样。
比如E3开头蚂蚁大军攻占冰激凌的一段戏，就是高水准的微观、对焦镜头场面。
特别是刚出场的那只蚂蚁，从发现目标，到攀爬陡坡，再到成功登顶，像极了卑微小人物的英雄史诗……同样的，蚂蚁（小人物）的成就在人类（主流社会）眼中不值一提。
除了小聚焦，还有“大广角”。
本季有好些高空摄影与远距离的宽阔镜头，E8就是这些镜头的集大成者，很难想象部分“不可控”的自然画面，是怎样通过人力精巧记录下来的。
这种感觉恍如回到了《绝命毒师》的现场，但细细一品，又是和毒师所有不同的味道……
GIF
看着新墨西哥州荒漠的独特风景，配着主创团队近于炫技般的摄像，观众们也更快沉浸到了故事中的那个世界。
至于一些漂亮又巧妙的画面更是不胜枚举，比如麦克和纳乔见面的荒废场地。
远方山脉层峦叠嶂，近处草木杂乱丛生，画面中层次感极强的主体被不完全平行的虚线分割成了若干部分，多少也反映了纳乔心中的急切与混乱。
至于最让我津津乐道的镜面反光叙事，在平时的分集剧评里我也提过不少，这里随便挑一幕E10的场景讲讲。
金和吉米各自出现在了镜面中，靠近光源和洗漱台的金显得明亮而清晰，站在远处的吉米则显得晦暗而模糊，这不是象征着他们俩一个坦然踏实、一个内疚彷徨的心境么？
“视觉享受”并非只有特效才能带来，《风骚律师》不断在用自己证明“手艺人”的能耐和潜力。
笑点满满
文思·吉里根曾在采访中说过如何区分《绝命毒师》和《风骚律师》：前者是80%戏剧+20%喜剧，后者是80%喜剧+20%戏剧——本季律师的笑点更多也更丰富了，乐不可支就是我的常态。
其中有纯粹的搞笑。
GIF
比如E2开头那两个被“50%优惠”冲昏头脑的小混混，他们high了之后进行了许多无厘头的违法违规活动，一场癫狂的“人类迷惑行为”大赏，给足了观众们花式“审丑”的乐趣。
又比如E5吉米为阿克先生出的奇招损招，也让人应接不暇，特别是用“圣子显灵”引来许多信徒和观光客的那段，真是抓住了我的“痒点”。
最典型的要数三胞胎姐妹同时斜头看画像的一幕，完美“具象化”了当下的一句流行语：小朋友，你是否有很多问号？
当然，律师中更多笑点是不止于笑的。例如凯文和他老爸在数十年前拍摄的梅萨维德银行广告——
GIF
用21世纪的眼光去看这支老广告确实有点雷人，老总裁沃驰泰尔那句“Yup!”也显得有些憨，所以之后吉米那些以此开涮的诽谤广告才更显得阴损和无耻。
还有古斯塔沃在摧毁炸鸡店前，不忘检查炸锅清洗干净了没……大哥，你都要把店炸了啊……
越是一丝不苟的严肃之人，一本正经地搞笑起来越是笑死人不偿命，“炸鸡叔”的重度强迫症和完美主义也可见一斑。
有着类似效果且更让我欢乐的是“叮叮”赫克托，人老头一直是个狠角色，硬是在本季律师里活成了一个谐星。
GIF
我印象最深刻的，是拉罗给赫克托“健康饮料”里倒酒的一幕，在品尝到酒水后，赫克托的眼睛/表情瞬间亮了！
可是老家伙并不总能如愿以偿，他不想去参加庆生活动，却还是被推到了唱生日歌的C位。
GIF
这种“同异结合”的反差萌，表面上是拿不愿与普通老头老太为伍的赫克托取乐，实际上还反映出了疾病与衰老的无奈，即便是狠辣的罪犯，也得承受家人分离的心酸。
有些笑点联系前后剧情去看，甚至会让人笑不出来：E10中拉罗回到老家后，打开车窗露出了一张凝固、渗人的憨憨笑脸，反正我看到时的心情和守门那哥们很像，乐到想朝天开枪……
GIF
可再结合之后拉罗的经历，这个真实到有些假的笑容，就给人另一番滋味了。
而拉罗的“笑”，也是下个章节的重点。
爱上一个“反派”
严格来说，《风骚律师》里不存在反派，只有一干“犯罪故事线”相关的角色，但对于拉罗来说，“反派”一词才能体现出他的魅力。
在BB和BCS中，犯罪线最有人气的角色无疑是古斯塔沃和麦克这对黄金搭档，他们在本季也经历了“分分合合”的关键时刻。
不过，就这季表现来说，古斯塔沃和麦克的戏却不算是最好看的——“炸鸡叔”在狠辣与明志的同时，依然欠缺一些游刃有余的从容，老麦也还在慢慢适应自己的新身份。
本季麦克更重要的角色定位是“精神导师”。
麦克活得太“明白”了，明白到他一度也陷入了当局者迷的困境……但只要收拾好状态，他就是分分钟教你“悟透人生”的大师。
有趣的是，除了教导吉米如何面对命运巨变外，麦克还对纳乔关怀有加，对于年纪尚轻又有心向善的晚辈，他总是不吝啬自己的好意。
去年看《续命之徒》时，我对麦克这种态度的感受更清晰了，面冷心热却不破坏原则，接受现实但不丢弃希望，即便已成为了职业罪犯，麦克仍然能守住内心那根牢固的准绳。
在一众罪犯中，最苦闷的就数纳乔了。
本季的纳乔是一个渴望救赎的人，被当做带有反面性质的正面人物来塑造，越想逃离，就陷得越深……
而纳乔的命运，极大程度上将取决于一个人，这个人也是本章节的重点，本季《风骚律师》（甚至可能是整部《风骚律师》）最有吸引力的反派角色：拉罗·萨拉曼加。想要理解这个人物，最好的切入点就是他的笑。
纳乔为了取信自己、拼命跑回分销窝点“抢救”白粉时，拉罗完全是把一切当戏看的——他笑着揶揄纳乔的下场，证明了他对世上大多数事物都不在乎。
当吉米信口说出所谓的座右铭“公正最重要”时，拉罗发出了满是“荒唐”的嗤笑。
GIF
说难听点叫不给面子，说好听点这叫坦率实在，不虚伪、不做作，因为拉罗没有必要装模作样——所以后来吉米在庭审前才建议拉罗别太“玩世不恭”。
拉罗的笑，更多是一种看透、吃定别人的自信满满和从容不迫，对于不想多打交道的金，他在一番嘻嘻哈哈中就把人给打发了。
拉罗是黑暗世界中的高段位玩家，针对不同的人，他往往在第一眼时就下了判断，甚至定好了价码。
因此，面对羸弱与危险并存的“主流社会”，拉罗始终秉持着一套灵活的准则，身在墨西哥或者面对凡人弗雷德时，他可以直接拿枪突突，在美国面对暴力机关的压迫时，他也会毫不犹豫地束手就擒、弃保潜逃。
700万美元啊，说不要就不要了，人家拉罗就是有这个底气……
但整天笑嘻嘻的拉罗绝不是天真的憨批，他这份始终不掉线的自信有一个最大的前提：足够致命的危险。
吉米和金都知道拉罗是个杀人犯，对他有些忌惮，可当拉罗带着枪挂着阴恻恻的笑容出现在自家门口时，那种精神上的压迫完全不可同日而语——这时已经没有“笼子”为他们提供安全感了。
比微笑更可怕的是渐渐失去笑容，相信很多人都为E9最后几分钟感到紧张过……
然而拉罗还是个能“讲道理”的恶人，在金蹩脚的诡辩下，有所顿悟的拉罗就真的轻易放过了吉米，他在阴狠、聪明的同时，还分得清事情的轻重缓急，这更拔高了他作为罪犯的水平。
另一方面，本季还在不断丰富拉罗其他方面的形象。
最核心的便是他对家人的珍视——上季送铃铛，这季讨论如何搞臭古斯塔沃，拉罗和赫克托之间更多是以萨拉曼加一族的身份交流，而到了E9与赫克托告别时，拉罗则更像是个安慰长辈的孩子，两人之间与普通叔侄无异。
拉罗从来没有被“罪犯”的职业和身份拖累，更没有半分困惑，这使得他一直活得十分纯粹。
哪怕是学着慢慢做出改变、尝试接受纳乔成为家人的时候，拉罗也没有丝毫扭捏，一如他平时的潇洒劲儿，一笑解千愁。
拉罗是个几乎没有弱点的“反派”，该有的厚度、广度和深度他全都具备，倘若不是古斯塔沃带着一群人和他玩阴的，拉罗真不会输……
就算是E10中被许多人诟病的“极限反杀”，也应该考虑一个前提条件：假若不是每天都很少睡觉，连在自己家里都保持足够警惕，那群杀手再弱鸡也能把睡在床上的拉罗干掉。
就是这样近乎没死角的男人，在古斯塔沃、麦克、纳乔、博尔萨、吉米等一众人的算计和欺骗下栽了跟头，差点连命都丢了……
GIF
也许，从这一天开始，拉罗再也不会轻易露出笑脸了——到时候，你对那样“面目全非”的拉罗会感到心疼还是敬畏？
兄弟之争V3.0
《风骚律师》前三季的主题是吉米与查克之争，第四季是吉米与死去的查克做斗争，到了第五季，查克依然阴魂不散——吉米会把兄弟间的斗争一直带到棺材里去。
在第四季末，吉米利用“学会正视死去的哥哥”换来了执业资格，但这不代表他放弃了生活中的“去查克化”，一转身他就以“索尔·古德曼”之名出道了。
他把理由说得很明白：吉米·麦吉尔永远会活在“知名大律师”查克·麦吉尔的阴影里，只有吐故纳新，自己才能重新开始。
可换名字终归只是自欺欺人的表面文章。在看E4访谈时，我意识到吉米厌恶、抗拒霍华德，除了对方的高高在上外，还有很重要的一点，就是霍华德“放下”了查克。
GIF
倘若霍华德把两兄弟的敌对情绪延续到HHM和吉米上，那吉米还会好受些，偏偏霍华德在难受一阵子后又恢复了，甚至比原来更神清气爽，吉米这才变本加厉地去搞他：凭什么你就能摘干净查克的影响，一身轻松？就因为你是与他散伙的合伙人，而我是他撇不开血脉的臭弟弟？
吉米心里没有因查克之死责怪过霍华德，但这不妨碍他借此抢占道德优势……
E7结尾吉米在喷霍华德时再次旧事重提，并非是他不想输，而是他不想让别人赢。
吉米对查克就始终处在一种“想摆脱而不得”的状态，另一个证据是E8里麦克掏出了锡纸服让他保暖，吉米却因为睹物思人而宁可在夜里受冻。
这种心态是偏执的、幼稚的，如同吉米第四季时极力想忘了查克一样，局限住了他自己。
到了最后，吉米总要为这种不切实际的极端思想付出代价，在S4E10的听证会上“装出”与哥哥和解，在S5E8的荒漠中披上讨厌的锡纸服……
GIF
查克自杀后确实无法再阻止吉米了，但同时他也立在了某种“不败之地”上——吉米这辈子都忘不掉哥哥，也永远战胜不了哥哥，他只能在阴郁中一直和对方“相安共处”。
所以，回到我在E10剧评里提过的问题：最了解吉米的到底是金还是查克？
答案是“同样了解”。这不是和稀泥，金和查克都很熟悉吉米，而且有很大一部分“理解”是重合的，可他们口中的吉米却是两种模样，只因他们俩站在了不同的阶层和立场上……他们都没错。
霍华德站在查克的角度，认同了查克对吉米的评价：最终，你会伤害到身边所有人，而你无法控制。
在霍华德眼里，原本前途无量的金已被吉米祸祸了……可对站在吉米角度上的金来说，自己才刚要开始。
你进我退，你追我赶
本季最核心的主线，也是最大的看点，是吉米和金的心路历程以及关系变化，这其中既有各自为战，也有相伴相生。
回顾这季故事后，我发现了一个大致上准确的有趣规律：吉米在“向恶”的状态下努力做着善行，金在“向善”的状态中不断作恶。
成为索尔·古德曼，专为鸡鸣狗盗之辈打官司的吉米不算个好人吧？可他一开始打心底就不愿意给拉罗帮忙，哪怕逼不得已去牢房教唆多明戈，他也还是为“疯狂小八”争取来了一个线人身份。
吉米本不该多管闲事，可多明戈是他的委托人，他不希望对方在被利用完后突然哪天就死了……
吉米已经身处于黑暗中了，但他仍努力不想让自己的双手“沾血”。
此外，吉米在帮那些不入流的罪犯打官司时，说不定还存着一些“行侠仗义”的小心思呢，像是那两个被五折优惠煽动、最后锒铛入狱的混混，吉米毫不犹豫地在律师费上狠宰了他们一笔。
别误会，吉米从来没同情过罪犯，他只是觉得这群人身上的油水更好榨而已——反正判他们监禁一年还是三个月没啥大区别，不如让我钻点空子多赚点钱。
和吉米相比，一直抽时间做无偿公益诉讼的金显得“伟光正”多了，但在遇到给脸不要脸的波比时她是怎么做的？
嘴上说着“我绝不欺骗自己的委托人”，转头还是采纳了吉米的建议，成功把波比收拾服帖了——我是为了委托人着想啊。
另外，在金的本职工作中，有时候不得不做“恶人”，她的职业要求她必须对不服法令的人发起攻击……
在钉子户阿克先生的尖酸讥讽下，金心里那根“平衡线”终于被扯断了，她开始不满足于平时做点小善事，并开始在本职工作上做起了“不专业”的文章。
表面上金是为帮助属于弱势群体的阿克，但其实她更多是为了满足自己劫富济贫、任性妄为的私心。
金能够惟妙惟肖地模仿出凯文的姿态神情，绝不仅仅是因为吉米的要求，而是她真的想取笑、嘲弄凯文——看着那些自以为是的家伙出丑，别提多爽快了。
这件事是两人心理言行开始交互、对证、影响的关键节点。
当他们碰到瓶颈时，懂得进退的吉米立刻叫停了胡闹行为，捣乱一定得讲究“性价比”，无利不起早的他绝不做吃力不讨好的事。
金就不这么想，自认为“道德水平极高”的她，脑袋一热就会为了理想主义慷慨赴死——直到老板里奇察觉到异常，金意识到自己真可能会“死”后……
要在主观上阻止人去做蠢事，通常只有两种办法：要么让人懂得“情理”上的不应该，要么让人明白“后果”上的不值得……
从搞梅萨维德银行这件事来看，金为了规避风险放弃了情理，吉米则为了更大的利益而不顾后果，相吸相斥，又相斥相吸，最后干脆结婚了，还真是殊途同归的天生一对。
金和吉米的出身、经历都大致相仿，连顺毛驴的脾气都差不多——若不是凯文“善意”地劝自己找个更好的男人，估计金也不会回头发狠用一招激将法。
再说吉米在本季中的心态。
认识到拉罗是个真正的恶人时，吉米对自己的行为产生了怀疑，而在经历了E8的九死一生后，他更是把自己打回了“原形”……经人提醒，我发现了一个隐蔽的证据：E9中那场官司，吉米是故意输给比尔的。
吉米此时的状态确实很差，但注意比尔的话语，这场官司他本来是必输的，吉米突然犯错才让他反败为胜……再结合之后吉米对麦克说的“不该帮助拉罗”，那就只有一种解释，吉米在通过“让坏人受到法律制裁”进行赎罪。
吉米在恶行中吃到了苦头，全面缩回了“善良”，金却在对“理想”的追逐中，全面拥抱了风险。
工作金主什么的都不要了，我现在只想随心所欲……两口子反了过来，特别是经历了拉罗的逼问后，吉米成了“幡然醒悟”的回头浪子，金成了“浪荡不羁”的律政女侠。
吉米把金放弃优渥工作、受到拉罗威胁都当做是自己的责任，内疚自责的同时，还萌发了分手/离婚的念头……
在第二天准备提前离开酒店时，吉米有意把两人的东西分开了，有些分家过的意思，但已经开始体会到“非主流世界”宽阔无界的金，显然没法轻易变回去了。
还有一个细节，在两人一起吃冰激凌前，金询问了吉米的口味，后者说了“都要”后突然又改口把薄荷巧克力给去掉了——
这正是E2结尾吉米扔掉的冰激凌搭配（律师真是没有废镜头啊）……这也说明吉米的PTSD仍没过去，他现在还是那个善良、懦弱、心慈手软的吉米。
随后两人边吃甜品边谈怎么花钱的场景，令我想起了E7中相似的一段。
吉米认为拉罗的官司没法打，他失去了“成为贩毒集团朋友”的机会和大笔律师费，所以在讨论怎么花这笔“不可能拿到手的钱”时，他和金两人说的都是各种不着调的主意，气氛非常放松。
而在讨论矶鹞渡案结案后到手的200万美元时，氛围完全变了……因为他们真有办法拿到这笔钱。
金的计划非常具体，把哪家律所的谁挖来都说得很清楚，连买房子这种半玩笑半认真的话都忘了说，可见她是真上了心……
所以“善人”吉米才会害怕，想要劝阻。
此时的吉米又回到了第三季末的状态，被老太太们孤立的艾琳是无辜的，平白无故遭受无妄之灾的霍华德也会是无辜的……君子爱财取之有道，我们应该做君子，不该为了“大义”加害他们。
于是乎，四、五两季的结尾就形成了一个相似又蹩脚的“轮回”。
从吉米的突变和金的呆滞，到金的得意和吉米的干笑，他们就像是一片双叶螺旋桨，一片转下去时另一片转了上来，最后在共同努力下，一起飞向了不可知的远方……
吉米和金终究无法摆脱“非主流”的身份认同——“脱离底层、跻身上层”的生活他们都尝试过也都失败了，剩下的就只有“美化底层、打破上层”这一条路可走了。
愿 詹姆斯·摩根·麦吉尔 和 金柏莉·韦克斯勒 能像他们的婚礼誓词那样一起走到最后，无论前路多么坎坷疯狂……尽管这看起来是份奢望。
至于主角吉米在第六季时能否恢复状态，再次展露出 “索尔风范”，我丝毫不担心……这里我要再次搬出查克与吉米见最后一面时说的话——
你会伤害别人，接着上演真情实感的悔恨自责，等痛苦过去后，你会继续伤害……这是你的天性。
我很不愿意承认查克是对的，但就吉米的实际表现来看，我无法说出“查克错了”——吉米总会在起起伏伏中做着周而复始的事情，他总是不吸取教训。
就像吉米在反复折腾中成为了索尔，索尔又在反复折腾中成为了吉恩……那么，吉恩在蛰伏了一阵后，也会再次“反复”成为另一个人吧？
带着这份淡淡的自信和浓浓的期待，我们《风骚律师》第六季见！
【也欢迎关注我公号“有爱评论区”。】"
哈姆谢特,花样年华-生如夏花,https://movie.douban.com/review/12547279/,"还是年轻好啊，年轻的世界充满了荷尔蒙的味道，一场荡气回肠的演说，一次出手相助，一张纯洁的安睡的脸，就足以让人怦然心动，甚至许下终生。

我们年轻时的宰现有着帅气的脸庞，钢铁般的斗志，还有颗钟爱于《情书》的温柔的心思。我们年轻时的知琇，有着清秀的容颜，聪明的才智，还有一份为爱痴狂的勇气。

在最好的年纪遇上最好的另一半，这爱情本该像夏花一样绚烂，却像烟花一般短暂。

这期间发生了什么，我们尚且不得而知。

琴声依然动人心弦，身体依然强健有力。当昨日爱恋中满天的樱花转眼变成鹅毛大雪，我们的宰现和知琇终于再度相逢，他们已不再年轻。

二十多年过去了，知琇逃避了爱情，突然从宰现的世界里消失，却坚守了宰现的理想，为权益奔走于风里雨里；宰现背弃了理想，娶了富家小姐飞黄腾达，却怀恋着知琇的爱情，为真心寻她于万水千山。

知琇说，她的记忆模糊了，年轻时的故事都忘了。她还是喜欢用鞋扫雪，可她不愿再追随宰现的脚步。只因为，人生的再次相逢，她感到如此落魄，她想不顾一切，却察觉自己近乎一无所有。她什么都没有忘，她又如何能忘？即使不再年轻，即使走过坎坷，即使一万次想向过去挥手告别...她发现自己，还爱着...
© 本文版权归作者  哈姆谢特  所有，任何形式转载请联系作者。"
Hazick,歌手·当打之年,https://movie.douban.com/review/12538364/,"这季《歌手》看完，本来对于歌王之战是有着很高的期待的，却没有想到这是一期让我感到被侮辱到想要呕吐的荧幕垃圾。
先开始和往常类似的分析，不过这次我们就不把选歌和表达分开分析了，很多作品最终呈现出的水准达不到我花费心力的程度。
首先是第一轮：
1）萧敬腾、林俊杰《hello》
萧敬腾的缺点完全没有规避，林俊杰的优点完全没有展现。
双重油腻，两片黄油夹一片黄油生吃。
不是“哦哦哦哦哦哦哦哦”就是“啊啊啊啊啊啊啊啊”，台北市立动物园遭遇前所未有的动物脱逃危机。
想诅咒节目明年办不下去吗？
2）徐佳莹、韦礼安《管他什么音乐》
整体设计很乱。
韦礼安的现场能力有些捉急，lala的vocal点也没出来。
不过喜剧元素满满，当小品来看还是可以的。
3）MISIA、小黑裙《再会的彼端》
高潮部分仍然是有点套路感。
但是主歌部分很不错。
可以去听听《风继续吹》
4）袁娅维、马思唯《2020 So Crazy》
表演整体性还不错。
开头电音很吸引人。
但是不应该选择奇袭MISIA。
5）周深、新裤子乐队《不会拜拜的DISCO》
周深和彭磊都有点铁憨憨的感觉，还蛮有意思的
风格上京味儿英语非常灵性。
表演上两个人的波浪gesture没练好。
总体上是很完整的表演。
6）吉克隽逸、许魏洲《Mad Man Killer》
吉克怒音质量不错。
许魏洲除了假模假样地学了学死亡摇滚那一段，之前的那能叫摇滚？软绵绵的摇滚？
整体来看作品倒是不差，但是这能赢周深和新裤子？
7）华晨宇、李宇春《西门少年》
李宇春一开始的东西是说唱？我对说唱了解不多，希望有人科普一下。
这句“野火烧不尽我们的野生野长”词和旋律不错。
第一轮的比赛我认为按照无奇袭赛制能够进前四的是：
华晨宇、MISIA、袁娅维、周深
接下来是第二轮：
1）吉克隽逸《好女孩》
不喜欢，故作姿态的程度太高了，这对于女性自拾尊严或者帮助树立女性的自我没有真正的帮助。
词曲都很一般。
2）萧敬腾《猴笼》
比第一轮的好多了，原因有三：
第一，有英文词。
第二，中文词很快，听不清楚咬字。
第三，舞台编排很棒。
3）袁娅维《Starfall》
音乐性很强。
vocal很强。
但是拿不到歌王可以想象。
4）华晨宇《七重人格》
首先我要说表演整体是OK的，我也认可他在这四个人之中拿到了冠军，但是我并不喜欢他的类似作品。
这里我很想说说我为什么很难对一个明星产生崇拜的情绪。
因为绝大多数明星或者艺人本身就只有很低的知识文化素养，对于我而言这种维度上的区分直接断掉了我产生崇拜的可能性，即使是我最喜欢的歌手，我也只能把她当做一个歌手而非一个能够对我的人生产生什么指引的人。
但是就偏偏有些艺人很喜欢卖弄自己那看似复杂深邃的小心思，说实话，基于整体听众的水平以及艺术作品欣赏的出发点，我仍然每次都很用心地去给这些歌手写分析，以求让大家更明白他们想传达什么。
但是今天我很想从内心出发，告诉大家我对这些歌手实际上充满着鄙夷与不屑。他们不屑于与传统的音乐制造工业为伍，认为成人抒情不是什么值得追求的方向，然而事实上他们连把芭乐歌曲唱好的能力都没有，于是他们朝着“人性”、“崇高”这样的大的概念挥动他们如同牙签般细小的锄头，开始了那“滴水穿石”般的“耕耘”，最终拿出来的东西也是莫名其妙地就吸引了听众的崇拜。究竟是什么样的市场才可以让这种音乐受到欢迎？
形式和内容是一个好的艺术作品需要满足的两个维度，这些我所鄙夷的歌手就在于他们只会用形式，各种各样的形式去表达，但是根本没有内容。这集中体现在对一些先锋、实验艺术形式的拙劣模仿。究竟是什么样的听众才可以让这种音乐受到欢迎？
OK，纯粹分析节目的部分到此结束，下面就是负能量爆发的阶段了，慎读、慎洗、慎反驳。
在没有开始听华晨宇第一轮表演的时候我便开始了这部分的写作，是因为我对节目组的手段和思路感到恶心和愤怒，为了给一个还未能有扛鼎之能的歌手铺就歌王之路，真的是什么样的成本都不顾，什么样的损招都可以使出来。
首先，节目公布的歌单里面，MISIA的顺序是最后，结果播出来的时候是第三，几乎没有歌王的比赛顺序不是第七的，这点不必多说。
我们还可以看到，奇袭这样一个概念居然被用到了总决赛，按照以往七进四的比法，最终进入决赛的一定是MISIA、华晨宇、周深和袁娅维/徐佳莹，那么这里面除了徐佳莹以外都对华晨宇的歌王位置有致命的威胁。
华晨宇 vs MISIA：资历、作品、表达，没有一项华晨宇能够有优势，只有在风格上有一些功夫可以下。
华晨宇 vs 周深：表达细腻程度比不上周深，并且完全不是一个路数，只要作品上有惊喜，周深就有40%的概率使华晨宇拿不到歌王（不一定是周深歌王）。
华晨宇 vs 袁娅维：乐感、技术袁娅维都更强，出于观众接受度，可能她自己绝无可能拿到歌王，但是具有相当的分票能力。
每个观众可以投三票，可想而知如果是MISIA、华晨宇、周深和袁娅维/徐佳莹，华晨宇拿不到三票中的一票的概率是相当大的，而MISIA一定拿到一票而概率也是相当大的（结合我之前所说的，歌王和乐坛地位是相对应的）
因此，为了让华晨宇最为安全地拿到歌王之位，最保险的做法就是让萧敬腾、吉克隽逸和lala和他竞演，但是我们可以想得到，吉克隽逸是没有办法在奇袭中打败MISIA的，因此尽管袁娅维对于华晨宇具有威胁，但是最后的四人之中只有一人有分票能力的情况下，华晨宇的票数就是稳的。
那么基于风格上的差异以及后手出击的优势，袁娅维击败MISIA和吉克隽逸击败周深的概率是可以大大提高的，最后华晨宇的第二轮冠军将会是囊中之物。
其实歌手的这种运作是很正常的，比如上一季决赛让刘欢和齐豫1v1使得齐豫不具有威胁刘欢冠军的可能性（齐豫后期排名一路走高并且观众缘非常好）；再比如之前历届刘欢、汪峰、林忆莲、李玟、韩磊都是被放在最后一位出场（汪峰是自己实在不争气，都给他帮到这一步了就是拿不下来），韩红那届更是搞了离谱的首尾1v1对决（第一轮的第一名挑战第六名，第二名挑战第五名，第三名挑战第四名，只比一次，决定冠亚季军）给她的歌王铺路。（第一季是例外，歌王的确定没有什么预设轨道）
但是以上的人都有同样的特质，那就是他们的资历与实力（18年的指的是Jessie J，不包括汪峰）都能担得起歌王的重量。
第二季韩磊：内地乐坛地位足够高；唱功好得非常直接
第三季韩红：内地乐坛地位足够高；唱功好得非常直接
第四季李玟：大中华乐坛地位足够高；唱功好并且流行意识非常独到
第五季林忆莲：歌手节目从开始到现在乐坛地位最高的歌手；唱功好并且表达上无懈可击，至今几乎随便挑一首歌都是教科书级别的示范
第六季Jessie J：外国曾经的大热歌手，国际乐坛地位足够高；唱功好得非常直接
第七季刘欢：内地乐坛地位足够高；唱功好得非常直接
你说有黑幕，那确实是有黑幕，但是这些黑幕是给他们的歌王之路上保险，不是硬生生把一个歌手捧成歌王。
但是我们对这种操作的接受程度慢慢地扩张到了没有边界的程度，直到今天华晨宇同学的表演。
为什么一整季节目都没有人奇袭的两位歌手，今天都被奇袭？袁娅维的智商和情商会低到去挑战MISIA吗？一定能赢吗？赢了有好处吗？
还有为什么两轮表演华晨宇的出场顺序都是对后一个？
作品、表达和技术没有哪一个达到了和以上的前辈相提并论的高度，却被硬捧成了歌王，实在是吃相很难看。
MISIA作为具有实力与地位的外国歌手，竟然因为运作没有进入第二轮比赛，哪怕她真的在第二轮输给了华晨宇也是没什么问题的，但是为了铺路直接把别人除掉了是什么做法？这样做有任何尊重吗？日本成年女性的情绪表达往往是很隐忍的，MISIA没有什么表情，可能已经非常气愤或者难过了，如果对待外国友人是这个态度，请节目组以后就请一些黄致列这样的虾兵蟹将好了。
我想说，节目相对于观众来说掌握绝对的信息优势和资源优势，但是并不代表可以愚弄观众至此地步，我认为即使是华晨宇的粉丝也需要意识到这个歌王并非是荣誉，反倒是一个羞辱，显得他本人能力低下需要靠节目组爸爸给扶着走路。尽管我对于他本人没有什么喜爱，但是客观来讲，他仍然有40%的概率拿到歌王（在我关于预测歌王的回答里有说，只比MISIA少10%），他最后凭借努力拿到歌王或者亚军，都是相当好的结果，但是现在这样被喂起来，实在不是好事。
我一定要把这季节目诅咒到最低劣的境地，因为包括我在内的一些人都曾相信过这个节目会是音乐综艺的良心。
我诅咒这个节目再也不会有下一季，再也不会有真正有能力的歌手来参与这名为比赛的造屎工程，我为我花了一季的时间给这个节目做分析感到羞耻和惭愧，是我们一个又一个助长了节目的恣意妄为、不择手段，我们这些犬儒的观众让步一尺，节目组就可以让节目的下限再拉低一丈，这对任何一个参与其中的歌手都是罪恶的。
这期决赛，羞辱了被淘汰的MISIA、周深和徐佳莹，羞辱了在台上的萧敬腾、吉克隽逸和袁娅维，羞辱了“歌王”华晨宇，羞辱了华语音乐综艺，羞辱了所有观众的审美与正义底线。
不过，按照承诺，我还是会总结一期历届歌手中值得一听的现场表演（不包括《歌手·当打之年》），至此，我的《歌手》系列分析结束。"
宋俣萱,天醒之路,https://movie.douban.com/review/12548730/," 4月23日播出的《天醒之路》在豆瓣至今还没有获得评分，其实没有评分倒也是好事，毕竟对于大众来说，看到低分被劝退，倒不如抱着好奇心打开一探究竟。
我也好奇，于是打开了这部由蝴蝶兰同名小说改编的电视剧，细细一查才知道原来小说还没完结，就已经拍了剧，所以这部剧有长期规划咯？
《天醒之路》的内容似乎常见又简单，从小被囚禁于山海楼的路平和苏唐，被摘风堂堂主郭有道收留成弟子，与大师兄西凡等人过五关闯六将。剧情没有什么特殊的设计，只看情节能否真的打动观众了。
而剧集关注的重点是“天醒者”，也就是生来就六魄贯通的人，简单来说，就是六种神力都拥有而且特别牛的人。
但是看了剧之后，非原著粉丝的我似乎并没有对六魄贯通有确切的认识，觉得只是概念当道而已，看不出与其他武侠神幻剧有啥不同的，所以只能关注剧情了。
于是，便看到了如下辣眼的情节，如果是用剧里的说法那就是，真的是戳瞎了我的蓝眼睛！
对于六魄，似乎人人都有，两位男主和女主时不时暴露一下自己的蓝眼睛，究竟是有何用意呢？
是射箭需要蓝眼睛功力的加持？还是耍滑头的需要蓝眼睛的帮忙？千里眼顺风耳这样的超能力，直接用眼睛颜色展现了，好一个直截了当啊！
哦，还忘记了黄眼睛和红眼睛。
有一说一，并不是觉得眼睛颜色的设定有问题，而是这莫名其妙变色，真的让普通观众看不懂啊。难不成这部剧真的只服务于原著粉？
再来看这部剧对于武功的误解。
飞天转圈圈，180度托马斯完美落地，难道真的是转圈多就显得角色武功高强，拜托这不是体操竞技，这是武侠电视剧好吧，能不能用其他的方式展现武功呢？
GIF
女主的这段“流光飞舞”，如果不是在电视剧里出现，我大概会以为这是哪个人录的小视频吧。融合了段誉的凌波微步和女团特色的舞刀弄剑，再加以快进，最后那个类似于“响指”的动作，简直不要太low了好吧。
GIF
再来看服装，其实剧中角色已经官方吐槽过了，讲真这真的很“丐帮”，其实剧组完全没有必要把流行的时尚拼布放在未知的时代，真的很出戏啊。
其实，以上说的还都是小事，毕竟现在有很多剧已经不太注重细节了，而是走上了粉丝向，有的专供原著粉，有的专攻演员粉。
而《天醒之路》的演员，真的拿得出手吗？
二番熊梓淇一出场，真的人如其名，确实好“熊”，状态真的不佳，或许是许久不见，真的胖了？
再往下看一看，依然是肿的。出奇突兀的下巴和没有消肿的脸蛋，在剧中也成为了一道“靓丽”的风景线。
再来看女主程潇，在颜值上可挑的其实不多，但就是这发套服装都显得人很奇怪，明明一个弱小的女子，戴上发套感觉茁壮成长了。
劣质僵硬的中分发套，真的是最大的败笔了。
最后再来说一说男主陈飞宇，其实老实说陈飞宇的颜值还是能打的，但是在这部剧仿佛得罪了造型师和摄像师。
脑袋顶上的两绺头发无疑是给陈飞宇的颜值增加了阻碍，头顶也仿佛遭到了张叔平的毒手，平平无奇毫无发型美感可言。
而摄影师仿佛也被得罪了一样，总是抓拍到了陈飞宇一些“奇”丑的动态，灯光打得极黑不说，这肤色是吃了巧克力吧，病态的模样也禁不起摄像师的毒打，陈飞宇这宛如痛经般的姿态又被摄影师拍了下来。就目前看下来，反正是没觉得男主帅女主美。
与其说这部剧是《天醒之路》，还不如劝诫这部剧别拍了，真的，天醒了，快跑路吧！
  © 本文版权归作者  宋俣萱  所有，任何形式转载请联系作者。"
象龟,郁川浮游,https://movie.douban.com/review/12549531/,"很遗憾没能在荧幕上看到电影，邵然最后只能在微博把电影发出来，但既然他觉得这是《郁川浮游》最好的归宿，那我也希望能帮他和他的电影留下些痕迹。定剪的版本拉了几遍，这应该是我看过最多遍的电影了，所以我花了点时间，把一些不容易看到或是可能难以理解的地方理了理，方便大家理解，这只是我的收集与经验，也希望大家能找到自己的答案：
 《郁川浮游》英文名THE DAY-FLY，dayfly中文意思是蜉蝣，拆开成day fly可以译为时光飞逝的意思；郁川在片中是地名，也可以是“绿色的河水”、或者“忧郁的山川”之类；“浮游”是截取片中人物和水、和大地的关系，也通昆虫名“蜉蝣”，蜉蝣寿命很短，伴水而居，是男主角余中的比喻；这个片名至少可以有这样五种解读，取名很有意思！
 黑白、彩色：彩色是代表现在，也就是2007年夏天的那一大段时间，黑白代表过去，而且时间分了好几个维度，通过余中刻碑上的信息可知：1984年7月28日（即母亲死亡时间）、（老石匠舅舅死亡时间）应该是在2002年，1998年起浙江实行新的《浙江省殡葬管理条例》，推行到千岛湖时是2002年前后；还有几个黑白镜头也是在这个时间左右；至于为什么水下镜头也是黑白的，大概是：下水和入梦是连接过去的两种方式！
 七十二侯：电影用了二十四节气七十二候里的六个给电影分节，计算时间，但是应该不仅仅是简单地划分时间，比如倒数第二节“小暑，鹰始挚，鹰感阴气，乃生杀心”，此时余中正要登上渔排，是面对仇人杀心最重的时刻……
 轮回：片中有很多这种类似轮回的关系，新安江水库和郁川水库、大移民和郁川征地迁坟；余中的尘肺病和老石匠舅舅喝农药自杀（两者死状类似）；他们俩最后都是自己给自己刻上了墓碑；因为欠债，母亲受凌辱上吊，老猪溺水死亡；老石匠、余中和漾漾祖孙三代竭力奔跑的镜头；余老师要落叶归根死在老家和余中后来的走向也有关系，这些轮回不知道要表达什么……
 五点五十分：是余中发现母亲死亡的时间，影片里有出现的钟表时刻几乎都是五点五十分，开头陈述、家里的钟、郁川老家的钟表也在这个时刻；这里有问导演，意思是那时候天色还没有断黑，阴阳交替，湿气最重、水汽最浓；
 猴岛：千岛湖民间对猴岛有种说法是猴山本来就有猴子，千岛湖蓄水造湖的时候，猴子被困岛上形成猴岛；实际上猴岛是1985年由中国科学院上海生理研究所和千岛湖林场合作，利用“水困法”建立猕猴繁殖基地。片中猴岛出现两次，在扔纸飞机的时候问了一句，影片结尾字幕后解迷（彩蛋？？）孔雀岛、蛇岛之流也是类似的方法形成的；
 石料厂：石料厂附近那段，远景是淳安县殡仪馆；老猪说最近县里搞污水整治，他们厂马上要关门了，千岛湖为了发展旅游业在世纪初确实有段时间牺牲了工业，剩下的一些产业也严格治理污水排放；
 纸飞机：余中在天台飞纸飞机的时候，纸飞机向下坠落出画，仔细看：取而代之的是一只半透明的纸飞机一直飞到镜头结束；
 山体滑坡：郁川家里长草，屋内滴水，镜头摇到门时，石头堵住了门，类似倒塌、山体滑坡；
 尘肺病：余中的尘肺病是在老猪的石料厂工作时染的，并非是自己刻石碑，当然也可能有联系；尘肺病直到最后兄弟和解才说出来，关于尘肺病的暗示很多，开头溺水，余中说自己以前能在水下憋三分钟的气、医生说工伤证明等等；
 湖面尸体：是老猪，老猪应该是欠债还不出来投湖自尽了，这里三个裸男看着他躺在水里有点达芬奇名画《最后的晚餐》的意思，远景处还有好多人在游泳，不知道是穿帮还是导演刻意为之；
 碟片：余中在利云音响店买碟片时，章红在隔壁店吃鸭头；利云音响店打折促销，碟片一律二十一张，余中买的时候苏利云收了余中三十元；
 父亲：影片中关于余中的父亲只提到他欠了高利贷和母亲上吊的案件，后来就不知所踪，也只字未提父亲的事情，父亲角色缺失；
 新安江水电站：药店的电视介绍了千岛湖形成的原因，以及建造新安江水库（即千岛湖）的历史意义，淳安人民迁徙承受的历史重负；此时郁川也正要建水库；
 《锦鲤家园》：万玉竹（余中妻子）在睦剧团排练的新戏是《锦鲤家园》，是淳安睦剧团纪念新安江大移民编排的睦剧；睦剧票是万玉竹对余中最后的联系，或者说是不舍，联系余中、万玉竹以及拆迁户的关系，余中收了票最后却把票烧了；
 热气球场、船厂：影片中千岛湖原造船厂迁移，原址改为了热气球基地；进入二十一世纪以后，千岛湖轮渡行业因为桥路建造没落，取而代之的是旅游业的快速发展；
 打水漂：快结尾时，左边那个一个水漂打十几下的是导演，不过他裤子穿帮了！和前面出现的镜头不一样；余中上渔排前告诫两个学员去打水漂等他，结果他们俩打到天黑，压根没数打了几个，要真数的话，照这样的速度估计十分钟两百个就打完了；
 火车：余中问章红天津到杭州要坐多久的火车，因为老石匠死前，余建淳坐火车很久都没有赶到，余中对于远方没有概念，只知道用坐多久火车来计算。余中说这辈子想去的地方有很多，却没有可以回来的地方了，因为郁川老家是噩梦，房子还塌了，舅舅留下的房子他还给余建淳，与万玉竹离婚后，他确实没有可以回来的地方了；
 山核桃树：电影里的郁川，人死后葬在山核桃树下（或者说核桃树种在坟上，那里一排坟每座坟上都有山核桃树），人们相信人死后会变成一棵树；母亲的坟迁走以后，余中拿树上的山核桃种子又种在了山上，那个位置能俯瞰千岛湖，邵然很喜欢那句小诗：我们都是孤独的树，那就连根拔起；
 落水：余中经常梦见母亲掉进水里，两次跳进水中捞救。开头那次是事实，他在下沉的时候被船夫救上岸；第二次在郁川直接沉入了水底，随后醒了，看见母亲上吊，应该是做梦；
 上吊：余中在郁川老家看到母亲上吊自杀，镜头摇过母亲的脚跟时，余中变成了戴着红领巾的少年，画面也在这个过程中由彩色变为黑白，在这个空间里，余中的中年和少年两个时空相接了；
 海报：停电的时候手电筒照到的是董洁90年代的海报，余中舅舅死亡时墙上挂着玛丽莲·梦露的海报；
 鱼：八月狗手上的疤是在狱中劳动时被蒸汽烫伤的，余中最后面对他时只杀了一条鱼作为报仇，那条摔在地上奄奄一息的鱼代替八月狗被杀；
 口琴：看见母亲上吊跑开时，少年余中掉了把口琴在地上，口琴再次出现的时候已经锈迹斑斑。余中说自己得了病以后就不会吹口琴了，也不会吹口哨。最后他把口琴留给了表哥余建淳，余建淳用口琴吹送别，余中听了没有回头，用口哨回应；
 火化：余中的石匠舅舅喝百草枯自杀，是为了赶在2002年《浙江省殡葬管理条例》全面禁止土葬实行前死掉（最后可以土葬的时间），在这之后淳安县就统一遗体火化了；
 躺着死的权利：余中说尘肺病人没有躺着死的权利，他们都是跪着的。老石匠死的时候也是跪着的。百草枯会使人体器官纤维化，因为器官衰竭而死，尘肺病晚期肺部纤维化，与喝百草枯的死状相似。他们死前跪着是因为那样肺部承担的压力较小，可以尽可能呼吸多一点点空气；
 余、人：余中最后回到家里在石碑上写了一个“余”字，然后只刻了半个“余”，也就是一个扁的“人”字，联系“多余的人”；
 余建淳因为年轻时候打架，不肯继承石匠父亲的手艺，所以出走郁川，坐火车去了很远的地方。老石匠死前想见余建淳一面，余建淳没有赶到，他认为老石匠的死是余中的过错，所以办完丧事后余建淳说一辈子都不会回来了。事实上他只是在离家几十公里外的排岭开了一家叫普通理发店的发廊，他再也没有离开很远过；
 影片其实讲了几个倔强的人的故事，老石匠为了能葬在土里喝了百草枯；母亲为了不受凌辱而上吊；余建淳说了一辈子不会回来就不会回来；余老师死前执意要落叶归根，死在家里；万玉竹改行跑龙套唱睦戏；这里最懦弱的是余中，他不敢挽留万玉竹，面对仇人不敢提刀，害怕回郁川还是会回去，却在母亲沉下水的幻觉中奋不顾身下去救她……
 更新最后一个点，今天听导演说起，余中母亲的名字“余桂香”，是导演夭折大姨的名字，出生日期也是她的出生日期，那时候农村入葬从简，没有刻碑。所以电影里这块碑也是为她夭折的大姨立的。
© 本文版权归作者  象龟  所有，任何形式转载请联系作者。"
每天在看什么,惊天营救,https://movie.douban.com/review/12543230/,"本人反对任何暴力
首先印度毒枭的儿子被绑架至达卡——孟加拉国首都，临近印度。
按时间顺序
第一，从绑匪处救人质死亡27人
绑架据点门外：1人被狙击手打死，1人被雷神掐死
进入房间后：6人被AK47射死，1人被掀翻断脖，1人被杯子打中喉部，1人被桌角砸中面部，1人被踢倒扭断脖子，1人被过桥摔扭断脖子，1人被钢管刺死，1人被钉钯戳头
狙击手在远处支援：狙杀2人
逃亡时住宅区：1人被匕首割喉，8人被手枪打死，1人从楼上摔死
第二，最后护送男孩离开时大约死亡40人，不算男二和支援组打死的人数
多人被榴弹发射器炸死，数目不明
房间枪战：4人被手枪打死，3人被手雷炸死
冲出房间：8人被M4A1射死，1人被榴弹发射器轰死
遇到装甲运兵车，5人被手枪打死，1人被M4A1自动武器射死
桥上：14人被M4A1射死，4人被手枪打死
综上所述，雷神在电影里大约杀死40+27-3=64人。不算狙击手狙杀人数。
© 本文版权归作者  每天在看什么  所有，任何形式转载请联系作者。"
Ivvvvvy,鬓边不是海棠红,https://movie.douban.com/review/12550359/,"一口气看了最后15集，难得有机会，陷入在一部剧的情绪中。
商细蕊真的是一个充满光芒的人物，也许只存在在影视作品里吧，希望遇见他，可以提醒我，为我的生活，带来不一样的色彩。
我最喜欢的片中的一段话就是，商细蕊带着水云楼的各位，去城门上喊嗓子。
戏子的地位在他们的那个时代下是比较尴尬的，一方面在台上深受欢迎，一方面又被人瞧不上，是卑贱的。
他说：自京剧发展以来，就是生角为尊，旦角为轻。旦角总是附庸，是配角，就像是妻子对于丈夫的亦步亦趋，君王对臣子的绝对支配。
城楼喊嗓（一）
但是自宁九郎开始，但从旦角也有了自己的天下，到他这一辈，他也把旦角发扬了，改变了戏台上的格局。
城楼喊嗓（二）
宁九郎撕开了秩序的一点裂缝，然后由他商细蕊完全打破。
自此，旦角也可以被世人追捧，建立出新的戏台秩序。
我觉得这也是为什么宁九郎把他看成是朋友，同道人，而不是师徒，因为某种程度上来说，商细蕊比他走得更远了。但九郎对于商细蕊来说是精神偶像，是撕开那一道裂缝的人，是打破格局的人。
城楼喊嗓（三）
商细蕊这个角色的灵魂在于他从来没有轻贱过自己，戏就是他的命，他对戏的那种赤诚的、痴迷的爱，让他必定是超脱时代的人，或者说是他对艺术的全身心的投入。
对他来说，只要站上戏台，就不仅仅是演员，而是上帝，是创造者，通过表演去创造新的世界，新的感染力，就有能力去支配台下的观众。
城楼喊嗓（四）
通过戏曲，他获得了一种真正的精神上的自由。
在舞台上，他成为了自己的王。
这就是为什么商细蕊，一个不怎么认识字的戏子，可以和二爷这样一个，受到过西方教育，有摩登思想的人，能够互相理解，得到灵魂上的共鸣。
他的灵魂是高级的，是被自由和尊严的填满的，是京剧，让他不凡，让他在那个充斥着强权、压迫、贫困的时代下，让他在人情纷乱的梨园行中，能找到自己的位置，能够获得真正的自由。
镜头这个时候，意味深长地给了小周子一个特写。
小周子流泪
镜头再一转，全景，北京城。
北京
小人物们，爬上了城楼练嗓，远方是一座座楼院，还有熙熙攘攘的人群。
大家都是小人物，但是当戏班子里的小人物们站上舞台，用他们的力量去影响观众的时候，他们就成了王，成了上帝。
而此时，原来在戏班子里的另一个小人物腊月红，却已经死了。
他没有机会成为自己的王了。终此一生，心比天高，他的死也是时代的悲剧，虽然戏唱得好，但是始终被人欺负，没什么文化，无人指点，唯一的指点来自于师姐六月，“你要出人头地”。
腊月红
所以他希望通过他人（刘汉云）来改变自己的命运，这也呼应了师姐自己，通过嫁人来改变自己的命运。
他死在自己六月的枪下，也算是构成了一个悲剧的回环。
最后，师姐改变了自己的命运，也保护了这种改变，自己的依靠薛千山是不容破坏的。
腊月死了，死在和他同样的人手下，终究成了他人的棋子，终究无法是什么也无法改变的了。
手镯
六月结婚送给腊月的金手镯，却一直戴在他的手上。
剧中另一个特别令人惊艳的片段，是商细蕊自己主动提出要录电影。
他对电影态度的改变。
一开始，他反对用电影记录他的表演，觉得电影无法捕捉戏曲的中的真实。
戏曲的一颦一笑，唱念做打是非常细节的东西，包括在他们的年代，电影录音技术刚出现不久，不是特别成熟，戏曲的表现力在胶片上是会受到很大的制约的。
他说, 戏本来就不真实了，舞台上男扮女相是阴阳颠倒，就是妄。
商细蕊决定用胶片记录舞台（一）
还要在加一层摄影机的影响，那就是就是颠倒世界，妄相不尽。
商细蕊决定用胶片记录舞台（二）
用摄影机解构戏台，在胶片上再次重构，构成两层的不真实，比戏曲本身还更加地虚妄，而人们还要通过电影去看他的戏，便成了妄中求妄。
商细蕊决定用胶片记录舞台（三）
我觉得这里讨论的是真实与虚假，他本来不接受电影，因为觉得不真实，不能够体现戏曲的全部美。
但是随着经历了更多的人生，所谓的生离死别，他开始接受了，接受的是戏曲的不完美，接受了生活中虚假的一面。
我记得他之前说，老百姓喜欢京剧，喜欢的也是俗和热闹，欣赏不来高雅的昆曲，有朝一日京剧也会被别的新鲜事物替代，即使原来是真，随着时间的流逝，也会变成是假。
接受电影（新事物），用胶片去记录京戏的美，哪怕是不真实的，哪怕永远只能达到部分真实。
就像他说的，哪怕一次只能感染几个人喜欢昆曲，有更多的人理解他的艺术追求，也是好的。
这是他的成长，他对京剧文化的认同的担当。
从过分地追求真，到放下对真实的执念，接受生活的虚假，包括他最后卖了首饰，和二爷自嘲之前一定要带一堆真的首饰上台。
他有了生活的牵挂，反而从一个单纯的戏疯子，一个只在戏里寻真实的人。成为了一个更加真实的生活中的人。
他和二爷对电影和戏剧的这段话，其实也呼应了宁九郎在出家后对他说的：
戏子的一生就是
庄周梦蝶，两厢皆妄。
戏梦人生，需要去寻找到属于自己的一丝真切。
当时的商细蕊说，我没有。
后来他经历了小来的死，自己名声被毁，还聋了。聋了就意味着自己将要失去自己最热爱的舞台。
但是，当他在城外河边被二爷吓，以为二爷死了，但是发现是恶作剧后，他一路奔跑回城，特别地开心。
他找到了戏曲中，无法得到的快乐。
他找到了自己的那个真切。就是和二爷的情谊。
所以他可以放下对绝对真实的执念，接受虚假，获得成长。
除此之外，剧中还有很多有意思的点，例如商细蕊一开始对孩子的态度，他说，有二爷这样爱孩子的，就有他那样讨厌孩子的；一个抵一个，人类就不会灭亡。
在我看来这是一个带着queer意味的言论了，因为恐同，有很大一部分原因，是来自于对无法生育的焦虑。这也说出了queer的心声吧，世界本就是多元的，而人类的情感更是不分性别、年龄、国籍，关乎的是爱，是在平淡生活中的那一点真切。
人生如戏，也许我也做不到像商细蕊那样，敢于建立自己的秩序，一根筋地轴到底，有着宁为玉碎，不为瓦全，一往无前的勇气，但这样光芒的人，哪怕是存在于虚拟世界中，也能给我带来一点点光亮吧。
最后，忽然想起了爱比克泰德的那句：
我们登上并非属于我们所选择的舞台，演出并非我们所选择的剧本，我们能做的就是演好自己剧本。
希望我们都可以，在属于自己的舞台上，成为自己的王。
与君共勉。
于2020年4月29日
© 本文版权归作者  Ivvvvvy  所有，任何形式转载请联系作者。"
Drifter,杀死伊芙 第三季,https://movie.douban.com/review/12548036/,"注：

这是我看完S01S02后为Villanelle庆生时写的一篇简析，一直没有发过，在写S03E03简析之前稍作修改发到这里。
S03E03后，毋庸置疑，将是Villanelle&Eve人物本身乃至VE关系的“新纪元”。这篇简析，权且当作对Villanelle以及二人关系的回顾，也是之后包括之前的简析的参照——它概括了几乎所有我对S01S02中Villanelle以及VE的认知。
依然欢迎讨论噢！

——————————————————

Villanelle很委屈。
“You love me.”
“No.”
“I love you.”
“No.”
“I do.”
“You don't understand what that is.”
“I do.You're mine.”
“No.”
“You're！You're mine！”
……
当她真情流露的时候，对面的人告诉她，你不懂那是什么。你爱我？你不懂爱是什么。
而且嘲讽的是，Villanelle的确不知道，她的下一句就特别好地印证了这一点。
但是怎么有人会忍心看着这样一个她呢？她明明还是一个小女孩，喜欢甜食喜欢贴纸喜欢漂亮裙子，没耐性，脾气差，莽头莽脑，好奇心旺盛，总爱搞点小动作，拥有一双最无辜又最冷漠的眼睛，和最桀骜不驯的表情，委屈的时候又哭又闹，笑的时候细纹里都盛满孩子气。
——可惜她不只是个孩子，还是个狠烈疯野的精神病。

纵观Eve对她的形容：她的头发可能是深金色的，也可能是蜂蜜色，向后扎起来……她很瘦，大概25或26岁……她十分清秀，眼睛有点像猫，间距宽，但保持着警惕……她双唇丰满，有修长的脖颈和高高的颧骨……皮肤平滑光洁……她的双目里充满迷失感，眼神直接又令人惧怕……她是全神贯注的，可又几乎完全触不可及……她很年轻，聪明、健美，她肯定会说多种语言，她对杀人有种独特的天分……她极其聪明……有决心……勤奋……特殊……曾经经历了一些事情……
重点，“A PSYCHOPATH”.

在认识Villanelle之后，我看了大量关于精神病患的测试、资料甚至包括自述。有时候，我会盯着那些文字一阵恍惚，因为总感觉十分熟悉，说得吓人一点，那些文字，就像是在描述我自己。在看詹姆斯•法隆的《天生变态狂》时，我发现他提到了“明尼苏达测试”，忽然想起来自己也做过这个测试。于是，我翻出了多年来一直保留着的测试结果。在那两页打印纸上，我看到“Psychopathy”一栏里我的高分——事实上，它是我在这个我十四岁做过的最权威的测试里获得的最高分，排列第二的是“Schizophrenia”。除此之外，十四岁的我还有一项不在正常指标内，但没有这两项具有威胁性。
于是所有的一切突然变得明晰起来——当然这并不代表我是一个精神病，但毫无疑问的是我具备这种倾向和特质。尤其是这么多年过去，我只会比之前更加反常，而不是所谓的被时间治愈。所以，我理解了自己对相关信息的熟稔感，以及和Villanelle大多数情况下的共鸣。

按照“明尼苏达测试”的描述，精神病态（Psychopathy）与社会行为有关。表现反抗，破坏家庭关系，冲动，在遵守制度和法律上有困难，滥用酒精或药物等。分数大于七十，表现个性上的障碍：外露，善交际，可爱；但却是虚伪、做作的。爱享受，好出风头，表现判断力差，不可信任，不成熟，好攻击，爱寻衅。他们在婚姻及家庭关系中，经常处理不好，并违反法律。高分数者反映出持久的性格问题并且极难治疗。对照一下，即使整个剧组在后期都没有完全将Villanelle视作一个精神病患，V也符合所有上述表现，不仅仅是她，Eve也十有八九是个“高分选手”。
我想了想，如果能从客观角度出发而不是带着主观感情去剖析她们二人，很多事情都会明晰许多——“Wide awake.”

不算太细致地看过原著。说实话，作为一个原著党，于KE我却更佩服Phoebe等编剧对小说的改编。原著里，Villanelle“擅长模仿他人行为感情”的特点，在剧中仅仅通过一个不到两分钟的片头就得到了体现。对于psychopath而言，他们所有的感情行动都是先通过模仿、学习到位，之后外露、再现的，他们是天生的表演者——这就是为什么他们如此擅长社交。他们会观察，究竟是哪几种模式最讨人喜欢，然后将它们转化为自己的固有模式；当他们面对不同的人时，就在多种固有模式之间随意切换，以此达到自己的目的。从职场到情场，Villanelle利用这种与生俱来的天赋“招摇撞骗”多少回，也是有目共睹的。

那么有一个问题，差不多算是排在大家的“好奇榜”首位，而Jodie在面对采访时也屡次提到——关于Villanelle残存的人性的一面。她究竟有没有感情，究竟是不是真的爱Anna爱Eve，究竟能不能正常生活……

在Jodie的采访中，当她被问及对于KE主题的看法时，她摇头表示她认为这部剧并没有什么想要表达的……只是为了让大家“看着爽”。说白了，单纯是Villanelle这个人设，就足够让大家“看着爽”。

——只因为，好就好在她是个狠烈疯野的精神病。这个年轻的女孩从停不下嘴的食欲，到随时随地的性欲……处处是常人难以企及的放纵和散漫。V是一个，特别贴近兽的角色，因为她极富自然原始的神韵和形态。S01E05，当她冲E击了一枪，E回过神，眼前只是空荡荡的林间小径——那时，上方的树梢枝叶温和地微微晃动着，就好像刚刚只是跑过去了一只轻盈的鹿。Villanelle是矫健的，敏锐的，迅捷的，自由的，充满力量的，活力四溢的；Villanelle又是痴迷于寻找和追逐的，她总是在奔跑，终生喜欢猎奇，她使人联想到丛林间跃动的动物，或者，简单却猛烈的一阵风。对于感兴趣的事物，她必须要找到他们，比如Liliana Rizzari的作品；而对于那些和与自己互相吸引的事物，她一定要据为己有，比如Eve.

这里避无可避要讲到Eve。她和V之间的关系和感觉是无可定义的，也是带有玉石俱焚的毁灭性的，正是因为它充满未知，才令人心生畏惧；尤其是对E这样一个原本拥有正常生活的“正常人”，她需要时间去承认自己产生了别样的情愫，并要逐渐学会不以为耻，最重要的是能够认清和接受自己——在幕后采访中，吴珊卓也提到过自己非常感兴趣、并想要摸索和探究中年女性的心境——“Eve不知道或者不承认她为什么要做现在做的事情？那种被驱使般的冲动和本能是什么？这种冲动是哪里来的？作为中年女性意味着什么？处在停滞平稳期意味着什么？拥有这样美丽的力量，像是重振你的活力一般，意味着什么？失去你的活力又意味着什么？”说这段话时，她自己有一处小小的调笑，于是大家马上想到了“性吸引力”。
——自不必说，谁都能看出来，俩人火花四溅姬情四射，干柴烈火一点就着。以及VE何止是肉体上的引力？Phoebe被问及有关VE关系时曾说：“I loved the idea that these two women don't even have to see each other to feel each other's presence. They give each other life in a way that's more complex than a romanticrelationship. It's sexual,it's intellectual,it's aspirational. ”

“——这两个女人甚至不需要见对方就能感受到对方的存在。她们以一种比浪漫关系更复杂的方式给予彼此生命。它是性的，是理智的，是渴望的。”

为什么Villanelle那样执着于Eve？试想：在杀手界V自恃genius，她不可一世，她行踪不定，她无所畏惧，但是她活得像个影子，她活在别人的口口相传中，像个神话，宛若传说；然而有一天，突然有个人，揪出有血有肉一个她，指名道姓一个她，这个与她相隔千里素昧平生的人，却能察觉她的言行举止，发现她的蛛丝马迹，甚至理解她或者至少，尝试着去理解她——这对于她而言是个惊喜。而我们也都知道，V和E二人，就是奇才和奇才的邂逅，疯子与疯子的相遇，是旗鼓相当的对头敌人，也是可以相知相契的灵魂伴侣。那么当“性吸引力”不再仅仅局限于“性”，而更具备精神层面的吸引，二者兼之，就非常容易让人沦陷了，也难怪VE要死要活的——尤其是Villanelle这个孩子气的小姑娘，我个人特别特别能和Villanelle共情的不是她那段有关“I feel nothing”的著名坦白（当然那个也是真情实感的感同身受），而是她让年轻的服务生抚摸自己在他说“It's hard,finding the right person”时回“Yeah,it is.”的那一瞬。
我意识到很多时候我们只是，找不到可以深深理解抱头痛哭的人而已。能不能疯狂相爱是另一回事。有了这样的人，才能大概率避免新生活也最终变得枯燥无趣啊（还是可能会）。
而我们看，Villanelle就和Eve发现了彼此……又回到Bonnie&Clyde的调子上去。其实作为旁观者，我的精神亢奋感是盖过悲哀的，看James&Alyssa时可没有这种亢奋——因为他们是青春期叛逆胡闹，是日久生情，缺乏我迷恋的这种“CRUSH”，这种宿命的致命的吸引力。
……这种宿命的致命的吸引力，野兽般欲望蓬勃，洪水一样汹涌不留余地，迷人之处不在“一定会碰上”，而是“遇上了就一定躲不掉”。可以为之咆哮着，流泪流到死，流血流到死。

对于人类而言，欲望并不难理解，却十分难把控。詹姆斯•法隆在《天生变态狂》中这样写道：“即便是心理变态的连环杀手也可以坚持数年不向谋杀的欲望低头，但总有一刻，谋杀的欲望会压倒一切秩序。幸运的是，我内心的欲望不至于这么具有毁灭性，而且如果我克制这些欲望，它们也会被我驯服。”他虽然是个psychopath，可他受到良好的后天环境的影响，是个亲社会的psychopath.然而Villanelle不同，作为一个自制力极其低下、反社会的心理变态，在她的世界里，欲望高过一切。在所有的欲望中——其实非常嘲讽，她最渴求的是她最缺失的——也就是感情。她没有感情，她不懂感情，可她偏偏是个感情动物——这同样契合了Jodie对她的描述：“她太复杂了，总是自相矛盾。”
回到文章开头，Eve那句“你不懂”有错吗？我认为完全没错——V根本不知道什么是爱，只是因为这感觉来势汹汹，又罕见至极，她才将它归类到自己完全不了解、对别人也从未有过的“爱”里去。退一步说，“爱”根本也不是这剧的关键词，这剧其实就是告诉大家“爱”这玩意儿屁用没有，它绝对敌不过陌生灵魂之间的引力。爱会让人有负担，让人害怕，可是吸引就不会——低级又原始的情感（感觉）只能使人拥有前所未有的兴奋。看着低级又原始的情感进行下去，这就是这部剧的G点，因为没人知道这种引力会导向救赎还是堕落，重生还是毁灭。
我们想想，生活里有时候不就是这样吗——我爱你吗我当然爱了，但我也能随时被同样美好或者更美好的人事物吸引。万一这种引力真的强大到能冲昏我的头脑击溃我的理智挣脱我的道德约束粉碎我的为人准则……那这就是无可奈何的人性的弱点亮堂堂裸露在外，我只好屈服。没有人会不沉沦，也没人该为此感到羞耻。学会直面欲望的话，总能得到更多。

相比于Eve，在这点，Villanelle要做得坦诚和自然许多。而除VE之间的引力之外，Villanelle本身也如同一个强烈的磁场。就像Jodie说的那样，“她将生命看得高于一切”，V明明是一个夺人性命的assassin，却总让人感受到生命的鲜活旺盛，因为，她有热爱的能够做到极致的工作和亲手缔造并控制的生活，衣食无忧不受拘束，她知道如何享受生命并让自己开心。这是E乃至我们为她着迷的很大一部分原因，谁不爱cool girl呢。

“……女性们常常会说，坏男孩身上有种可爱、有吸引力和性感的气质。这种气质可能对一个适婚女性来说极具性吸引力，但往往会成为她日后想要和丈夫离婚的原因。有一些人，会时不时地希望身边存在一个可以彻底控制并随时召唤自己的主宰者。在某种意义上，我们渴求心理变态。这话听起来很奇怪，但事实就是这样怪诞。有些人就是想要这种刺激，想要心理变态可以带来的危险伤害。亲近可爱的心理变态在流行文化中几乎被塑造成了一个浪漫的英雄，比如像罗伯特·德尼罗在《老大靠边闪》中扮演的角色，乔·佩西在《好家伙》中扮演的角色以及希斯·莱杰在《黑暗骑士》中扮演的角色。也许在这种人物设定非正即邪的电影中，害怕并爱上这样的角色可以帮助我们克服对心理变态真正的恐惧。
有时我们会想要在生活中尝尝鲁莽行事的滋味。这是种美妙的怪品味，每个人都想要做一天凶狠残暴的人。也许一个老处女也会想要得到一晚狂放的性经历，这样可以让她觉得自己完整地活过了。人们想要打破日复一日的安全生活，也许是在社交或者别的方面。像是有人会去翻越高山，有人则克服恐惧在海洋中游泳，这样他们就可以对外宣称：我做到了。他们想要体验这种历尽千辛完成某事的快感，想要觉得自己像是头狮子或老虎一样，凶猛独立，毫无畏惧。这就是身边有一个心理变态能带来的好处。心理变态者给了人们可以达成他们愿望的机会。人们总喜欢和差不多安全的人待在一起。所以你可以找到一群登山爱好者，在这群人中也可以建立起安全的社交环境。但如果你有一个心理变态的朋友，他可以带你去冒那些你想要冒的险，还能在关键时候帮你收拾残局。至少我是这样对待朋友的。”
“……这些情况存在于心理变态身上，但心理变态们却各不相同。有些人出生在环境恶劣的家庭，因为性格暴烈而受到父亲的暴打。更多的人则表现出麻木不仁，他们需要很多来自外界的刺激。像是成瘾，他们需要做越来越多的事来使自己忙起来，他们需要越来越多极端的体验来享受某种感觉。这种成瘾可以用积极的方式表达，例如通过浪漫的行为，但在一些受过虐待的人身上，便用复仇来表达。其中可能存在这样的情况，由于性虐待造成的大脑中有关性欲和暴力区域间的错误连接，就可能造成强奸犯罪。这还是个未知的研究领域。
大部分时候，我对他人的操控不过是要满足自己对冒险和愉悦的追求。我一直在寻找那些能让我战栗和开心的时刻，我也总是为了这一小点刺激把别人逼到进退两难的地步。”

——这是摘自《天生变态狂》中的几段。由此可见，每个热爱冒险的人都不会拒绝像Villanelle这样的Psychopath.原著中对Eve原本生活的着墨要更多，她几乎对乏善可陈的一切感到不满，这使她身不由己倾向V的精神世界，而每个看似危机四伏的选择都随之变得更加清晰坚定。
对于Villanelle的身世曾经，我们不难想象其艰难阴暗的程度，而KE在S3中也会给出更多的交代。遗憾的是Anna作为一个过去式，已经在S1，带着她对V的专属记忆死去了；不过，她对V成长过程中的启迪，让V学会去探索怎样追求自己感兴趣的人。这就是为何，Villanelle以一个明知故问的句式和Niko对话：如果我杀了你，Eve永远也不会原谅我的。对吗？
——她没有任何共情力，但通过早年的恋情她洞悉到很多人情世故，这大概是Anna如今于她的全部意义；至于从前，她有没有“爱”过Anna，我还是那个观点，没有。只是Anna有她渴望的欲求的“感情”，并且Anna愿意给予她“感情”，这让她陶醉其中；而放到今天，Eve作为同类，则能带给她更多刺激和冒险、荷尔蒙和多巴胺，这让她直接完全沦陷，沉浸在和此人共度余生的幻想里，甚至于尽管Eve不愿意回馈V渴望的感情，V最初也不以为意——因为她是个psychopath，她不在乎对方的感受，只要能得到自己想要的她在所不惜。S02E05那首配乐的歌词十分贴切：“I don't pretend to know the ways of the world.A means to an end seems the way.Who has the most of whatever is best……All the better.May the best man win.”
——我不会假装知晓世界之道，达到目的的手段似乎是其中一条道路。谁拥有优中之优，将会更好。愿最优秀的人胜出。
可惜她是个psychopath，psychopath都是狂妄自负的，他们永远高估了自己的位置。于是我们看，之前那些关乎犯罪的浪漫的小把戏，她驾轻就熟，只是为了在Eve那里获得存在感；而时间久了，她习惯了和Eve互相追逐，潜意识里将这种情况视为理所当然——理所当然到她忘记了自己是个脆弱的感情动物，她忘记了自己还是渴求亲密关系、想要真情实感的，她忘记了自己单纯的“Normal”的心愿。
所以S02E04里她还哭得像个三岁的孩子，而S02E08中她的眸光却一点点生涩冷硬起来。梦醒了，真的要得不到了——她扣动扳机。

只是VE都没意识到，她们还是在把对方当成自己的一种附属，本质是一样的，只不过方式不同。V是过度占有，而E是过度自我，后者懂的道理，包括能感受到的东西，都比前者要多——这并不怪Villanelle，毕竟Eve本身拥有的就多。那今后会如何，没人知道。这一枪让二人更加势均力敌。至于“V想和E在一起就要被驯化”这种无稽之谈，我无语。只有她们真正做自己的时候，她们的结合才有意义，才是史诗般的浪漫。
V渴望“爱”，渴望的是她一无所知的“爱”的感觉，和“被爱”的感觉——这就是她最可爱的地方，是Jodie所说的她“人性的东西”，是我们最懂她的最柔软的地方。世上千千万万人，不管是否有psychopath倾向，都会更喜欢那种追逐的热烈的感觉而不是感情。在每一段关系中，每个人都想不必多想，不必负责，不必劳心费神，都想找到正确的人，就如Villanelle自己说的，“Normal stuff——A nice life.Cool flat.Fun job.Someone to watch movies with.”
——只是看似稀松平常的东西，往往是最奢求。最困难的当属那个“Someone”，剧里剧外都一样。
西蒙娜·波伏瓦的《第二性》中这样说：
“有一天，女人或许可以用她的“强”去爱，而不是用她的“弱”去爱，不是逃避自我，而是找到自我，不是自我舍弃，而是自我肯定，那时，爱情对她和他将一样，将成为生活的源泉，而不是致命的危险。”
我从来没觉得，一个不断逃避自我的Eve，一定是Villanelle最好的选择；只是如果E确实于V是正确的那个人，若是V再也碰不上更适合的，那么我希望，E可以自我肯定，能够懂得“爱情要冒险，我们一起怕”。如是，未来她们当然不可能安定不可能正常，但一定会幸福快乐，会像吴珊卓所言，脉管血液里奔流激荡着美丽的力量，时刻体验到生命的活力在四肢百骸中震颤，动人心魄，荡气回肠。
看过一个解析，说得很好：
“——或许Villanelle有一个能够解释一切的悲惨的背景故事，但是她没有。就算她有，也并不会改变什么。Eve和我们这些作为观众的一直期待着能有什么事发生把这个等式打破——比如Villanelle变得不那么可爱、做一些出格的事、或者剧情的发展让观众够理解这个痛苦的灵魂并拯救她……但是《Killing Eve》并没有延续这个套路，一开始就把所有的底牌亮出来了。Villanelle永远是可爱的、令人感到快乐的，她谈不上会越界，毕竟她从开始就不在线里，她并不是那种需要拯救的痛苦灵魂，她是那种欣赏枪战中的血腥场面的人。相反《Killing Eve》更倾向于让我们自己来选择立场，而不是直接引导观众；剧中很多镜头都是围绕人物展开的，好让我们更深入地了解他们是谁。
有很多理论可以解释为什么我们会同情这类角色。有一些理论认为，我们会不自觉地喜欢一部剧的主角，不管这个主角是谁；另一些人认为，这与我们内心中越轨的欲望有关。如果要问我，我觉得这个原因有点道理：因为我们喜欢看人们很专业地做事情，对于在自己领域中出类拔萃的人，人们普遍会对她们保有敬意。”

“——Villanelle will always be likeable and enjoyable.She can't cross the line because she's already way too far past,and she's not a tortured soul that needs saving,she's the kind of person who admire the carnage of a shootout first artists merits.”

不管怎么说，这样一个Villanelle总值得最好的。我们无法抗拒她眼底的迫切，她出于自负而幼稚地一遍又一遍求证着自己的重要，她苦恼时额头上的皱纹，她难过时发红的眼眶泪湿的睫毛，她焦躁无聊时的翻来覆去，她看到日思夜想的人的消息时的欢欣雀跃……因为这一切都让我们联想到自己，联想到那些燃烧的欲望，挣扎的感觉，和所有轰轰烈烈的时光。

可惜她是个狠烈疯野的精神病啊。她可糟糕了，她不懂什么是爱，只会占有，当感觉塞满她的大脑时又一昧奉献和牺牲；她孩子气，所作所为都在无理取闹，随心所欲，离经叛道，蛮不讲理，毛毛躁躁，耐力奇差无比；她自恋得要死，有种将自己凌驾于万事万物之上的优越感，经常带着不屑一顾的神情；她冷血到极点，是典型的利己主义者，对自己不想关心的东西毫无共情能力。

但好在她是个狠烈疯野的精神病啊。她感到自己不被重视的时候气急败坏，抑或像个孩子一样委屈、受伤、心碎，瘪着嘴哭个不停；她光洁的额头贴着你，双目无神说自己好孤单，用大咧咧的方式形容自己没有感觉；她冲着你露出一排整齐的牙齿微笑，鼓起勇气直接望着你的眼睛里有些紧张有些期待；有时候她只想吻你，她嘴唇间总发出刻意的呻吟和喘息，任性地，霸道地，冲动又天真烂漫得像只小兽；她喜欢吃东西，喜欢睡觉，喜欢礼物，喜欢惊喜，喜欢过生日，喜欢美人儿，喜欢漂亮衣裳，喜欢收藏，她是欲望的宠臣，从不掩盖自己的真实想法；她顽劣乖戾，调皮捣蛋，是个喜欢时刻来点低级恶作剧的淘气鬼，被她捉弄到了她就会高兴得大笑不止，洋洋自得陶醉很久；她有固执地相信着的东西，她永远在寻找，从不停下，一旦认定无怨无悔，莽撞又热切，整个人充满蓬勃的力量浪漫的疯狂。她太光亮，任何人任何事与她相比都黯然失色。所以就算她杀人不眨眼是个心理变态，做她的灵魂伴侣也太幸福了，用另一个我喜欢的角色的台词来说，“Life with you could never be boring.”要是现实生活中身边有这样一个孩子气且孩子气和有趣能正相称的人，可要好好珍惜啊。

毕竟，常人难道比疯子更可爱？

Villanelle就很可爱。
——尽管她是个狠烈疯野的精神病，思索过后，我还是这样说。
© 本文版权归作者  Drifter  所有，任何形式转载请联系作者。"
