商品名称,店铺,评论数,价格
Apple iPhone 12 (A2404) 128GB 白色 支持移动联通电信5G 双卡双待手机,Apple产品京东自营旗舰店,60万+,6799.00
Apple iPhone 12 Pro Max (A2412) 256GB 海蓝色 支持移动联通电信5G 双卡双待手机,Apple产品京东自营旗舰店,20万+,10099.00
Apple 苹果 iPhone 12 5G手机 黑色 全网通 128GB,佳沪电商旗舰店,1万+,6458.00
Apple iPhone 12 Pro (A2408) 128GB 海蓝色 支持移动联通电信5G 双卡双待手机,Apple产品京东自营旗舰店,10万+,8499.00
【赠卡首月免月租】Apple iPhone 12 (A2404) 64GB 黑色 支持移动联通电信5G 双卡双待手机,中国移动终端京东自营旗舰店,6万+,6299.00
Apple 20W USB-C手机充电器插头 充电头 适配器适用iPhone 12 iPad 快速充电,Apple产品京东自营旗舰店,100万+,149.00
Apple 苹果 iPhone 12 mini 5G手机 黑色 全网通 128GB,佳沪电商旗舰店,2000+,5699.00
【京选推荐】图拉斯 苹果12手机壳iPhone 12全包防摔透明超薄硅胶保护壳镜头全包男女手机套软壳 官方定制-专利防摔条设计,图拉斯旗舰店,4万+,58.00
Apple 苹果 iPhone 12 5G手机 白色 全网通 128GB,佳沪电商旗舰店,1万+,6489.00
"京东超市
绿联 MFi认证 苹果数据线 通用iPhone12/11Pro/XsMax/XR/X/SE2/8/7/6/ipad手机快充充电器线USB电源线1米",绿联京东自营旗舰店,100万+,39.90
Apple iPhone 12 (A2404) 128GB 白色 支持移动联通电信5G 双卡双待手机,中国移动官方旗舰店,3万+,6599.00
【赠卡首月免月租】Apple iPhone 12 Pro Max (A2412) 128GB 海蓝色 支持移动联通电信5G 双卡双待手机,中国移动终端京东自营旗舰店,2万+,9299.00
【直降200】Apple 苹果 iPhone12 双卡双待5G手机 绿色 【全网通】64GB,天翼电信旗舰店,300+,6159.00
Apple 苹果 iPhone 12 5G手机 黑色 全网通128GB【碎屏险套装】,明日数码旗舰店,8000+,6439.00
倍思 【贴坏包赔】苹果12/12 Pro钢化膜 iphone12/12Pro超瓷晶手机膜 防爆防指纹高清全覆盖贴膜前膜2片装,倍思（Baseus）京东自营旗舰店,2万+,39.80
Apple iPhone 12 mini (A2400) 128GB 白色 手机 支持移动联通电信5G,Apple产品京东自营旗舰店,6万+,5999.00
【可选12期白条免息】Apple 苹果 iPhone 12（A2404）移动联通电信5G 手机 黑色 128G 期白条免息,京东之家官方旗舰店,6000+,7099.00
Apple 苹果 iPhone 12 5G手机 黑色 全网通 128GB,平天数码旗舰店,8000+,6448.00
Apple 苹果 iPhone 12Pro 全网通5G手机 海蓝色 128G,顺为手机专营店,4000+,8358.00
京东京造 苹果12/12 Pro钢化膜 iPhone12/12 Pro手机钢化膜 6.1英寸高清全屏覆盖玻璃防指纹贴膜非蓝光前膜,京东京造官方自营旗舰店,10万+,25.80
Apple iPhone 12 (A2404) 移动联通电信5G 双卡双待手机 白色 128G(官网标配),Apple嘉世优品专卖店,200+,6489.00
Apple 苹果 iPhone 12 Pro 5G手机 海蓝色 全网通 256GB,佳沪电商旗舰店,5000+,8978.00
【24期免息】Apple 苹果 iPhone 12 5G手机 黑色 全网通 128GB+无忧卡 2年电池换新+1年延保,佳沪电商旗舰店,500+,7599.00
"京东超市
亿色 苹果12手机壳iPhone12Pro/12Pro Max保护套12mini全透明防摔超薄硅胶壳 苹果12/12pro（6.1英寸）赠钢化膜",ESR亿色官方旗舰店,10万+,28.80
Apple 苹果 iPhone 12mini 全网通5G手机 黑色 128GB,顺为手机专营店,1000+,5748.00
"京东超市
品胜（PISEN）苹果数据线1.2米快充 适用iPhone12Pro Max/11/Xs/XR/SE/8手机充电线 苹果7/8P iPad Air/mini",品胜京东自营旗舰店,200万+,21.90
Apple 苹果12 iPhone 12 5G 手机（现货速发 12期免息可选）下单尊享豪礼 蓝色 全网通 5G版 128G,久汇通手机旗舰店,3000+,6799.00
【春节正常发】Apple 苹果 iPhone 12 5G手机 黑色 全网通 128GB,淘金手机旗舰店,2000+,6436.00
亿色(ESR)【贴坏包赔】 苹果12ProMax钢化膜 iphone12 Pro Max手机钢化膜 高清全屏防爆防指纹玻璃贴膜,ESR京东自营旗舰店,10万+,26.70
【春节正常发】Apple 苹果 iphone 12 手机 黑色 128GB,疆界互联旗舰店,4000+,6419.00
【至高直降200元】Apple 苹果 iPhone 12 5G 手机 移动联通电信 双卡双待 白色 8GB【官方标配】,中国移动手机官方旗舰店,1万+,6599.00
Apple 苹果 iPhone 12 全网通5G手机 黑色 128GB,顺为手机专营店,8000+,6448.00
Apple 苹果 iPhone 12 mini 5G手机 蓝色 全网通 128GB,佳沪电商旗舰店,2000+,5649.00
【赠卡首月免月租】Apple iPhone 12 mini (A2400) 128GB 蓝色 手机 支持移动联通电信5G,中国移动终端京东自营旗舰店,6000+,5999.00
绿联 钢化膜 苹果12/Pro手机膜 两片装 iPhone高清全屏覆盖保护膜防摔防爆抗指纹6.1英寸 通用苹果/Pro手机,绿联京东自营旗舰店,6万+,39.90
Apple iPhone 12 Pro Max 支持移动联通电信5G双卡双待手机 海蓝色 256GB【官方标配】,中国移动手机官方旗舰店,4000+,9879.00
Apple 苹果 iPhone 12Pro 全网通5G手机 海蓝色 128G,顺为手机专营店,4000+,8358.00
Apple 苹果 iPhone 12 Pro Max 5G手机 海蓝色 全网通 256GB,佳沪电商旗舰店,4000+,9689.00
【春节正常发】Apple 苹果iPhone 12 5G 手机 黑色 全网通 128GB,茄子手机旗舰店,5000+,6425.00
"京东超市
Anker安克 苹果快充Nano PD20W充电器兼容18W充电头 12/11pro/SE2/Xs/XR/8小米/iPad/Type-C数据线插头",Anker京东自营旗舰店,30万+,73.80
【12期免息】苹果 Apple iPhone 12 (A2404) 5G 手机 全网通 双卡双待 黑色 128G,头号卖家旗舰店,1000+,6709.00
图拉斯 苹果12promax 手机壳iPhone 12 pro max保护套超薄全透明防摔硅胶壳 官方定制-专利防摔条设计,图拉斯旗舰店,5万+,58.00
Apple/苹果 iPhone 12 全网通5G手机 黑色 全网通 128G,酷族数码旗舰店,1000+,6498.00
"京东超市
绿联 PD20W充电器 通用苹果iPhone12/11Pro/XsMax/XR/8/小米11手机iPad平板兼容18W快充头 Type-C数据线插头",绿联京东自营旗舰店,20万+,33.90
Apple 苹果 iPhone 12 Pro Max 5G手机 海蓝色 全网通 128GB,平天数码旗舰店,3000+,8978.00
【至高直降200元】Apple 苹果 iPhone 12 5G 手机 移动联通电信 双卡双待 黑色 128GB【官方标配】,中国移动手机官方旗舰店,1万+,6599.00
【官网同款】苹果无线充电器magsafe磁吸15W快充ProMax11mini维肯 【磁吸增强-低温升级版】【限量赠送20W闪充头】 支持苹果12/11/XsMax/8Plus手机,维肯旗舰店,1万+,128.00
【至高直降230元】Apple iPhone 12 Pro 支持移动联通电信5G 双卡双待手机 石墨色 256G【官方标配】,中国移动手机官方旗舰店,5000+,9099.00
Apple 苹果 iPhone 12 5G手机 白色 全网通64GB【碎屏险套装】,明日数码旗舰店,8000+,5859.00
亿色(ESR)【贴坏包赔】 苹果12/12Pro钢化膜 iphone12/12Pro手机钢化膜 高清全屏防爆防指纹玻璃贴膜,ESR京东自营旗舰店,20万+,26.70
Apple 苹果 iPhone 12Pro 全网通5G手机 海蓝色 256G,顺为手机专营店,4000+,8958.00
Apple苹果原装充电器PD20W快充头手机充电头iphone12promax/11数据线充电线套装 20W充电头 白色【单头不含线】,大商无算数码专营店,8万+,139.00
【12/24期分期0首付】Apple 苹果 iphone 11 手机 黑色 全网通128GB（新包装）,疆界互联旗舰店,7万+,4929.00
Apple iPhone 12 Pro Max（A2412） 256GB 海蓝色 支持移动联通电信5G 双卡双待手机,中国移动官方旗舰店,4000+,9849.00
Apple 苹果 iPhone 12 128GB 蓝色 5G 手机,上海移动京东官方自营旗舰店,400+,6799.00
图拉斯 苹果12pro手机壳iPhone 12 pro全包镜头防摔透明超轻薄软硅胶保护套男女潮外壳 官方定制-专利防摔条设计,图拉斯旗舰店,2万+,58.00
【官网认证】苹果无线充电器magsafe15W磁吸快充ProMax11mini慧多多 升级旗舰版【限量赠送20W闪充头】 支持苹果12/11Xr/Xs Max8Plus手机,慧多多京东自营旗舰店,2万+,118.00
【直降200】Apple 苹果 iPhone12 双卡双待5G手机 绿色 【全网通】128GB,天翼电信旗舰店,300+,6659.00
Apple/苹果 iPhone 12 全网通5G手机 黑色 全网通 256G,酷族数码旗舰店,1000+,7368.00
【美国W&P】苹果12手机壳12mini iPhone12Pro/Max保护套全包防摔液态硅胶壳男女 苹果Mini【海军蓝】官方真液态·5.4英寸,W&P京东自营官方旗舰店,7万+,68.00
Apple iPhone 12 mini (A2400) 手机 支持移动联通电信5G 蓝色 64GB,Apple扬笛手机专卖店,600+,5299.00
Apple iPhone 12 Pro (A2408) 256GB 海蓝色 支持移动联通电信5G 双卡双待手机,中国移动官方旗舰店,1000+,9049.00
【春节正常发】Apple 苹果 iphone 12 Pro Max手机 海蓝色 128GB,疆界互联旗舰店,2000+,8968.00
Apple iPhone 12 Pro Max 专用原装Magsafe透明手机壳 保护壳,Apple产品京东自营旗舰店,5万+,399.00
"京东超市
sh苹果充电器头数据线充电线手机快充插头套装xs/11/7p/8plus/xr//X",索弘京东自营旗舰店,10万+,48.60
图拉斯苹果快充套装手机20W充电器PD头iPhone12 Pro Max11/mini/X8线充插头 星空黑【低温20W小冰块】充电器+1.2米快充线,图拉斯京东自营旗舰店,1万+,149.80
Apple 苹果 iPhone 12 mini (A2400) 绿色 64GB,易橙手机专营店,16,5399.00
英悦苹果12手机壳iPhone12Pro Max液态硅胶12Mini摄像头全包镜头液态防摔女男软壳套 苹果【薰衣草】SGS认证原料+钢化膜,英悦手机配件旗舰店,3万+,19.80
摩斯维 苹果12手机壳iphone12 pro/max保护套12mini透明硅胶软壳防摔全包超薄男女 苹果【镜头全包·不发黄】贈钢化膜,摩斯维京东自营旗舰店,1万+,48.00
"京东超市
世咏 苹果12手机壳iphone12pro保护套防摔男女款硅胶撞色透明磨砂直边全包 苹果【优雅黑】+全屏钻石膜",世咏京东自营旗舰店,2万+,29.90
"京东超市
Anker安克 MFi认证 USB-C苹果PD20W快充数据线 12/11pro/SE/8/XR手机Type-C to Lightning充电器闪充线",Anker京东自营旗舰店,20万+,69.00
Apple 苹果12 iPhone 12 Pro 5G手机（现货速发 12期免息可选）下单尊享豪礼 海蓝色 5G版 256G,久汇通手机旗舰店,1000+,9199.00
【至高直降220元】Apple iPhone 12 Pro Max 支持移动联通电信5G双卡双待手机 海蓝色 256GB【官方标配】,中国移动手机官方旗舰店,4000+,9879.00
【防摔推荐】锐舞 苹果12手机壳iPhone 12保护套全包防摔超薄透明硅胶玻璃壳镜头全包男女硬壳 进口钻石玻璃壳-超薄透亮+美过裸机 官网推荐款,锐舞旗舰店,5000+,58.10
品胜 苹果12/12Pro高清钢化膜 iPhone12/12pro高清手机贴膜 全屏保护膜防摔防爆抗指纹6.1英寸 两片装,品胜京东自营旗舰店,3万+,30.00
"京东超市
小米 原装20W Type-C充电器 快充版 智能兼容 适用红米9苹果iphone12安卓redmi手机ipad等设备充电头 插头",小米京东自营旗舰店,5万+,39.00
Apple iPhone 12 (A2404) 支持移动联通电信5G双卡双待手机 黑色 128GB(12期免息),Apple丰年时代专卖店,76,7168.00
"拍拍
【二手99新】Apple iPhone 12 苹果12 全网通5G版 双卡双待 官方在保 黑色 128G 全网通5G",爱相随二手商品专营店,100+,6099.00
【至高直降220元】Apple iPhone 12 Pro Max 支持移动联通电信5G双卡双待手机 石墨色 8GB【精装好礼】,中国移动手机官方旗舰店,4000+,9249.00
Apple/苹果 iPhone 12 【现货速发】全新国行双卡双待5G手机 黑色 64GB,京合旗舰店,500+,6099.00
Apple iPhone12 全网通 超清双摄长续航5G国行双卡双待手机 红色 256G【官方标配】,Apple羽通专卖店,7000+,7339.00
【12期免息白条】Apple 苹果 iPhone 12 (A2404) 全网通5G手机 绿色 128G(12期免息),牧申手机旗舰店,900+,7299.00
【可选12期白条免息】Apple 苹果 iPhone 11（A2223）全网通4G手机 双卡双待 黑色 128G 搭配 期白条免息,京东之家官方旗舰店,1万+,5349.00
Apple iPhone 12 Pro Max (A2412) 支持移动联通电信5G双卡双待手机 金色 128GB,Apple丰年时代专卖店,27,8979.00
【可选12期白条免息】Apple 苹果 iPhone 12（A2404）移动联通电信5G 手机 蓝色 8G 期白条免息,京东之家官方旗舰店,6000+,7049.00
倍思 苹果12/12 Pro手机壳 iPhone12/12 Pro保护套雾砂玻璃超薄全包防摔磨砂外壳手机套男女款6.1英寸 透白,倍思（Baseus）京东自营旗舰店,1万+,38.00
闪魔 苹果12钢化膜iPhone12Pro max/mini防尘膜曲面全屏玻璃高清手机保护膜防摔防爆 12/12Pro【全屏硬边防尘膜】2片装+神器,闪魔旗舰店,1万+,34.80
"京东超市
品胜 PD20W充电器 Type-C快充电头 通用苹果iPhone12Pro Max/11/XS/8P/SE/ipadPro小米华为手机平板插头",品胜京东自营旗舰店,6万+,35.00
"京东超市
苹果快充套装20W充电器iPhone12/11/Pro/Mini/Max充电头数据线18W维肯 【20W苹果PD快充头】+USB-C闪充线1米标配",维肯Viken京东自营旗舰店,10万+,129.00
绿联 苹果12手机壳 iPhone12/Pro手机壳 6.1英寸TPU透明防刮软壳气囊防摔手机保护壳 通用苹果手机 20441,绿联京东自营旗舰店,4万+,18.80
Apple 苹果 iPhone 12 (A2404) 绿色 64GB,易橙手机专营店,72,6189.00
Apple iPhone 11 (A2223) 64GB 黄色 移动联通电信4G手机 双卡双待【充电头套装】,Apple产品京东自营旗舰店,1万+,4558.00
"京东超市
觅铂(Milpro) 【镜头全包】苹果12/12 Pro手机壳 iPhone 12专用保护套超薄防摔硅胶软边软壳6.1双摄款 透明",觅铂（Milpro）京东自营旗舰店,4万+,29.90
"拍拍
Apple iPhone 苹果12 二手手机 支持移动联通电信5G 双卡双待手机 二手手机 黑色 128GB",拍拍严选官方旗舰店,1000+,5989.00
Apple 苹果 iphone 12 5G手机【现货速发】 12期免息可选 双卡双待 黑色 全网通 128GB,千瑞达手机旗舰店,2000+,6688.00
"京东超市
Anker安克 苹果充电器套装PD20W快充电头MFi认证兼18W 12/11/Xs手机USB-C+TypeC to Lighting数据线",Anker京东自营旗舰店,1万+,134.00
Apple 苹果 iPhone 12 mini 5G手机 绿色 全网通64GB【碎屏险】,明日数码旗舰店,200+,5299.00
Apple 苹果 iPhone 12mini 全网通5G手机 红色 128GB,顺为手机专营店,1000+,5649.00
图拉斯 苹果12Pro手机壳iPhone 12 Pro手机套全包防摔超薄半透明硅胶男女抗指纹磨砂壳 【海蓝色】镜头全包+轻奢磨砂+不沾指纹,图拉斯旗舰店,9000+,88.00
"京东超市
ZMI紫米PD充电器20W快充手机适用于苹果iPhone12/11/8P/X/XS MAX/XR/SE2通用Type-C充电器头HA716白单",ZMI京东自营官方旗舰店,3万+,35.00
Apple苹果iPhone 11手机【Apple苹果12可选】 黑色【苹果11】 128GB,微炫数码旗舰店,4000+,5069.00
【可选12期白条免息】Apple 苹果 iPhone 12 mini（A2400）全网通5G 手机 黑色 128G 期白条免息,京东之家官方旗舰店,2000+,6149.00
Apple/苹果 iPhone 12 【现货速发】全新国行双卡双待5G手机 白色 64GB,京合旗舰店,500+,6099.00
Apple 苹果iPhone 12 pro max 5G 手机 海蓝色 256GB,茄子手机旗舰店,1000+,9698.00
酷盟 苹果12promax 手机壳镜头全包iphone12 Pro max保护套微磨砂MINI防摔 ProMax配钢化膜【海蓝色】轻薄磨砂,酷盟京东自营旗舰店,6000+,68.00
Apple iPhone 12 (A2404) 支持移动联通电信5G 双卡双待手机 蓝色 128GB,Apple古霖专卖店,1000+,6449.00
Apple 苹果 iPhone 11 手机 黑色 128G+PD20W充电器套装【新包装】,佳沪电商旗舰店,20万+,4949.00
Anker安克Nano PD20W苹果快充充电器USB-C PIQ3.0iPhone12/11/华为 20W新升级-NanoPD快充充电器,Anker旗舰店,1万+,78.80
【12/24期分期0首付】Apple 苹果 iphone 11 手机 黑色 全网通128GB（新包装）,疆界互联旗舰店,7万+,4929.00
Apple 苹果 iPhone 12 Pro Max 5G 手机 海蓝色 128GB,淘金手机旗舰店,1000+,8998.00
Apple iPhone 12 Pro Max (A2412) 支持移动联通电信5G 双卡双待手机 海蓝色 128GB,Apple古霖专卖店,700+,8949.00
"京东超市
慕臣 苹果12手机壳iPhone12 Pro Max外壳mini保护套全包防摔男磨砂防指纹女潮款 12/12Pro通用【幻夜黑】6.1英寸·贈钢化膜",慕臣京东自营旗舰店,1万+,78.00
Apple 苹果 iPhone 12 Pro 5G手机 海蓝色 全网通 128GB,平天数码旗舰店,2000+,8358.00
【当天发货】苹果12手机Apple iPhone 12 (A2404)移动联通电信5G 双卡双待 绿色【256GB】 白条期免息,博恒聚优手机专营店,1,8599.00
Apple 苹果 iPhone 12 (A2404) 支持移动联通电信5G 全网通 双卡双持手机 蓝色 64GB,Apple扬笛手机专卖店,1000+,5999.00
Apple苹果iPhone12 5G手机 白色 128GB,微炫数码旗舰店,69,6769.00
"京东超市
京东京造【镜头全包】iPhone12 Promax手机壳苹果12Pro max保护套透明防摔玻璃壳全包硅胶软边镜面壳 透明",京东京造官方自营旗舰店,4万+,39.00
Apple苹果12充电器充电头PD20w快充头iphone12promax/11pro原装数据线套装 苹果20W快充头,Apple智联万物专营店,2万+,139.00
Apple 苹果12 iPhone 12 Pro Max 5G 手机（现货速发 12期免息可选） 海蓝色 5G版 128G,久汇通手机旗舰店,1000+,9199.00
"京东超市
【今日秒杀】蜂翼 苹果12手机壳iphone 12 pro max超薄磨砂mini保护套透明全包男款 苹果【透黑色/6.1英寸】赠9D膜|两孔",蜂翼京东旗舰店,9000+,35.90
Apple 苹果 iPhone 12 (A2404) 支持移动联通电信5G 全网通 双卡双持手机 蓝色 64GB,Apple扬笛手机专卖店,1000+,5999.00
Apple 苹果 iPhone 12mini 全网通5G手机 红色 128GB,顺为手机专营店,1000+,5649.00
Apple苹果/iPhone 12 Pro 5G手机 海蓝色 128G,华信通手机专营店,25,8699.00
"京东超市
【华强北二代顶配版】酷泽尔Air无线蓝牙耳机适用苹果7p/8X/11/12洛达1536u 二代1:1【改名定位+入耳检测+秒弹窗+无线充电】",酷泽尔官方旗舰店,8000+,138.00
Apple/苹果 iPhone 12mini 【现货速发】全新国行5G手机 白色 128GB,京合旗舰店,90,5899.00
Apple 苹果 iPhone 12 Pro Max 全网通5G手机国行双卡双待 支持移动联通电信 海蓝色 512G,Apple爱豆专卖店,7,12899.00
【至高直降230元】Apple iPhone 12 Pro 支持移动联通电信5G 双卡双待手机 银色 256G【官方标配】,中国移动手机官方旗舰店,5000+,9099.00
Apple苹果原装PD充电器头20W快充头iphone12promax/11/X手机数据线充电线套装 20W充电头 白色+USB-C苹果快充线1米套装,大商无算数码专营店,1万+,262.00
(白条12期免息)Apple 苹果 iPhone 12 mini（A2400）全网通5G手机 64G 蓝 标配版本,牧申手机旗舰店,26,5499.00
苹果 Apple iPhone 12 mini (A2400) 新款苹果 黑色 128GB,头号卖家旗舰店,200+,5999.00
Apple 苹果iPhone 12 Pro 5G 手机 海蓝色 全网通 128GB,茄子手机旗舰店,1000+,8318.00
"京东超市
公牛 BULL GNV-AUB201 PD20W兼容18W苹果快充充电器 USB-C 12/11/XsMax/XR 华为小米Type-C快充插头",公牛数码京东自营旗舰店,10万+,49.00
Apple 苹果 iPhone 12 Pro 移动联通电信5G 双卡双待新款手机 金色 128GB,Apple扬笛手机专卖店,800+,8339.00
【可选24期白条免息】Apple 苹果 iPhone 12（A2404）移动联通电信5G 手机 黑色 128G 24期白条免息 搭配2年电池换新+1年延保+膜2次,京东之家官方旗舰店,1000+,8049.00
Apple 苹果 iPhone 12 mini 5G手机 黑色 全网通64GB【碎屏险】,明日数码旗舰店,200+,5099.00
倍思 【贴坏包赔】苹果12pro max防窥钢化膜 iphone12 pro max钢化膜 全屏曲面高清防爆手机贴膜 6.7英寸,倍思（Baseus）京东自营旗舰店,8万+,38.80
"京品手机
Apple iPhone XR (A2108) 128GB 蓝色 移动联通电信4G手机 双卡双待",Apple产品京东自营旗舰店,200万+,4499.00
【12/24分期】Apple 苹果 iPhone 11 手机【白条分期免息】 黑色【简装】 全网通64G,冰之凯盛手机旗舰店,4000+,4639.00
Apple/苹果 iPhone 12mini 【现货速发】全新国行5G手机 蓝色 128GB,京合旗舰店,90,5799.00
Apple 苹果 iPhone 11 手机 黑色 全网通128G新包装,平天数码旗舰店,6万+,4948.00
"京东超市
蜂翼 苹果12/12 Pro手机壳 iPhone12/12 Pro保护套 扩音气囊防摔软壳全包手机套男女款-全透明-6.1英寸",蜂翼京东自营旗舰店,9000+,19.90
苹果Apple iPhone12Pro (A2408) 支持移动联通电信5G 双卡双待手机 海蓝色 128GB,银河信业手机专营店,53,8499.00
Apple iPhone 12 Pro (A2408) 支持移动联通电信5G 双卡双待手机 海蓝色 128GB,Apple古霖专卖店,500+,8299.00
Apple 苹果iPhone 12 mini 5G手机全网通 （12期免息可选） 绿色 128GB,OKSJ手机旗舰店,13,5799.00
Apple 苹果12 iPhone 12 Pro Max 5G 手机（现货速发 12期免息可选） 海蓝色 5G版 8G,久汇通手机旗舰店,1000+,9199.00
Apple 苹果 iPhone 12 Pro全网通超清三摄长续航5G国行双卡双待手机 银色 512G,Apple爱豆专卖店,3,11699.00
绿联充电器5V1A充电头通用苹果iPhone12/11/XS/7/6华为OPPO手机快充头数据线插头 单口USB电源适配器,绿联旗舰店,100+,25.00
Apple 苹果 iPhone 11 手机 全网通 双卡双待 黑色 128GB【新包装】,京东电竞手机官方旗舰店,1万+,4899.00
"京东超市
ESCASE iphone12/12pro手机壳 苹果12/12pro保护套 新升级全包液态硅胶防摔超薄男女软壳6.1英寸 苹果白",ESCASE京东自营旗舰店,2万+,20.90
Apple 苹果 iPhone 12 pro max全网通5G手机 金色 128G,顺为手机专营店,5000+,9249.00
Apple 苹果 iPhone12全网通超清双摄长续航5G国行双卡双待手机 蓝色 256G,Apple爱豆专卖店,1,7899.00
"京东超市
努比亚方糖 苹果华为22.5W充电头兼容iphone12/11pro/SE2/Xs/XR/小米20W充电器【薄荷蓝】",努比亚京东自营旗舰店,900+,59.00
斯美 苹果12手机壳iPhone12pro液态硅胶12promax保护套12mini全包防摔侧边图 苹果【象牙白.侧边小怪兽】 魔方液态硅胶(送钢化膜),斯美旗舰店,78,33.00
Apple iPhone 12 (A2404) 128GB 蓝色 支持移动联通电信5G 双卡双待手机 换购版,Apple产品京东自营旗舰店,1万+,6799.00
【白条12期分期免息】Apple 苹果 iPhone 12 Pro (A2408)全网通5G手机 海蓝色 128(期免息),牧申手机旗舰店,22,9799.00
【Magsafe磁吸】超甲度 苹果12ProMax手机壳iPhone12Mini保护套真皮全包防摔壳 苹果Pro Max【海军蓝·带标】皮革磁吸壳 官网magsafe原款,超甲度官方旗舰店,100+,288.00
【当天发货】苹果12手机Apple iPhone 12 (A2404)移动联通电信5G 双卡双待 绿色【8GB】 官方标配,博恒聚优手机专营店,1,6449.00
【24期分期白条免息】Apple 苹果 iPhone 11（A2223）苹果12期免息 绿色 128GB,牧申手机旗舰店,2000+,5159.00
Apple iPhone 12 Pro (A2408) 支持移动联通电信5G 双卡双待手机 海蓝色 128G(套餐二：送原装20W闪充套装),Apple嘉世优品专卖店,57,8499.00
东来也 苹果12手机壳iPhone12promax国潮5g轻薄mini皮纹硅胶创意全包防摔 苹果promax 国潮花旦【皮纹壳】,东来也数码旗舰店,100+,68.00
【白条12期分期免息】Apple 苹果 iPhone 11 手机 全网通 双卡双待 白色 128G 新包装（期免息）,京东电竞手机官方旗舰店,4000+,5459.00
【12期免息】Apple 苹果11/iPhone11 手机 绿色 128G+白条6期分期免息0首付,华信通手机专营店,3000+,5499.00
Apple 苹果 iPhone 12 Pro全网通超清三摄长续航5G国行双卡双待手机 石墨色 256G,Apple爱豆专卖店,3,9799.00
瑞壳 iPhone12Pro max手机壳中国风潮苹果12mini保护套吉祥新年富贵腕带男女后外壳 苹果ProMax(6.7英寸)富贵腕带,瑞壳旗舰店,26,198.00
壳工坊 仙女闪粉苹果12pro手机壳iPhone12Pro Max全包防摔软壳网红女款保护套后外壳 透明【 proMax 6.7英寸】,壳工坊旗舰店,60,198.00
Apple 苹果 iPhone 11 双卡双待手机 黑色 【白条12期免息】128G简配,聚捷联盛手机旗舰店,3万+,5599.00
Apple iPhone 12 Pro (A2408) 128GB 海蓝色 支持移动联通电信5G 双卡双待手机,四川电信京东自营旗舰店,16,8499.00
"拍拍
Apple iPhone 苹果12 Pro Max 二手手机 支持移动联通电信 石墨色 128GB",拍拍严选官方旗舰店,300+,8439.00
Apple 苹果 iPhone12全网通超清双摄长续航5G国行双卡双待手机 绿色 256G,Apple爱豆专卖店,0,7899.00
畅动 苹果12手机壳透明iPhone11promax保护套卡通可爱简约mini软壳防摔女款网红小红花 苹果12/12pro【6.1英寸-彩色小花】,畅动旗舰店,27,78.00
【白条免息】Apple 苹果 iPhone 12 5G手机 分期 蓝色 128GB（12期免息）,臻火旗舰店,900+,7599.00
Apple苹果原装无线充电器MagSafe磁吸15W充电器iPhone12 pro max mini 15W无线充电器+20W充电头,大商无算数码专营店,1000+,448.00
BASIKE 苹果快充套装PD20W充电器头数据线18W通用iPhone12Pro/11/max手机 【PD20w快充头】+PD快充数据线1.28米,百仕奇旗舰店,100+,75.00
绿联无线充电器7.5W快充适用iPhone12/X/8/SE2苹果11Pro华为三星手机AirPod 白色【简约款-不带充电头】,绿联联志专卖店,200+,49.00
Apple 苹果 iPhone 12 Pro (A2408) 海蓝色 256GB,易橙手机专营店,16,9289.00
Apple iPhone苹果11【12期免息可选】手机 黑色 全网通 128GB,京联通达旗舰店,1万+,4999.00
AMLLSYE 苹果12PD充电器20W快充头套装双口iphone11手机磁吸无线充数据线国行版加长 国行版【20W快充套装】快充头+1米PD线,AMLLSYE官方旗舰店,1000+,78.00
奔创 苹果12手机壳iPhone12pro/max液态硅胶保护套mini简约全包防摔枫叶个性男女软壳 苹果【薰衣灰-枫叶】,迈普利手机配件专营店,11,28.00
【苹果12期分期0首付】Apple 苹果 iPhone 11 全网通4G手机 双卡双待【新包装】 白色 128GB,茄子手机旗舰店,2000+,4998.00
绿联苹果快充套装PD20W充电器18W充电头数据线适用iPhone12/11/SE2/XR/XS手机 【新升级】PD20W充电器,绿联三顺专卖店,300+,35.80
【白条12期分期免息】Apple 苹果 iPhone 12 移动联通电信5G 双卡双待手机 绿色 128G（期免息）,京东电竞手机官方旗舰店,200+,7159.00
万人迷可爱立体趴趴鸭子适用11Pro/Max苹果12手机壳mini硅胶XSMAX软壳X网 苹果11 相框小蛮腰 蓝底贴片正脸帽子鸭,悠哉数码专营店,2,33.04
Apple iPhone 12 (A2404) 128GB 蓝色 支持移动联通电信5G 双卡双待手机,浙江电信京东自营旗舰店,15,6799.00
Apple/苹果 iPhone 12 Pro Max 全网通5G手机 海蓝色 全网通 512G,酷族数码旗舰店,500+,11398.00
Apple 苹果 iPhone 11 移动联通电信4G手机 双卡双待 黑色 128GB 【新包装】,茄子手机旗舰店,4万+,4988.00
Apple iPhone 12 Pro (A2408) 移动联通电信5G 双卡双待手机 银色 256G（官方标配）,Apple晨星泰合专卖店,1000+,9039.00
苹果（Apple）iPhone 12 (A2404) 128GB 黑色 全网通5G 双卡双待手机,联通京东自营旗舰店,11,6799.00
【镜头全包】苹果11手机壳iphone11promax保护套超薄防摔液态硅胶玻璃男女款秒变岚兮冉 苹果11【蓝灰色】升级经典直边+镜头保护+配钢化膜,笑源手机配件专营店,3000+,39.00
苹果 Apple iPhone 12 Pro (A2408) 5G 手机 全网通 双卡双待 石墨色 256G,头号卖家旗舰店,200+,9499.00
苹果（Apple）iPhone 12 (A2404) 128GB 绿色 全网通5G 双卡双待手机,联通京东自营旗舰店,13,6799.00
AUKEY傲基苹果快充PD充电器18W单口充电头适用iPhone8/XR/12/11系列手机 F1-18W白色,AUKEY官方旗舰店,200+,59.00
苹果（Apple）iPhone 12 mini 128GB 红色 全网通5G手机,联通京东自营旗舰店,2,5999.00
Apple iPhone 12 (A2404) 128GB 蓝色 支持移动联通电信5G 双卡双待手机,河南电信京东自营旗舰店,100+,6799.00
万人迷简约透明适用苹果11手机壳iphone12/XR超火SE2情侣7/8plus少女心XS男Pro 苹果 白边,悠哉数码专营店,0,15.84
Apple iPhone 12 (A2404) 128GB 白色 支持移动联通电信5G 双卡双待手机,中国移动官方旗舰店,300+,6799.00
Apple iPhone 12 Pro (A2408) 128GB 金色 支持移动联通电信5G 双卡双待手机,中国移动官方旗舰店,200+,8499.00
"京东超市
7恋 苹果快充套装PD20W/18W充电器充电头iPhone12/11/SE2/XR/XS/8P手机 20W PD快充充电器【两年质保】",博尔美数码专营店,25,37.70
Apple iPhone 12 mini 手机 支持移动联通电信5G 黑色 64G(官网标配),Apple嘉世优品专卖店,14,5189.00
苹果充电器头数据线手机快充插头原套装iphonexs/11/7p/8plus/xr/12/6s,乐服手机旗舰店,100+,96.00
"拍拍
Apple iPhone 11 苹果11手机 二手手机 紫色 128G",拍拍严选官方旗舰店,2万+,4149.00
苹果（Apple）iPhone 12 (A2404) 128GB 红色 全网通5G 双卡双待手机,联通京东自营旗舰店,11,6799.00
Apple 苹果iPhone 12 mini 5G 全网通手机 绿色 64GB,茄子手机配件专营店,4,5499.00
【24期分期免息白条】Apple 苹果 iPhone 12（A2404）全网通 5G手机 白色 128G(期免息),牧申手机旗舰店,100+,7199.00
万人迷原创奶茶熊适用于苹果12手机壳女款11Promax手机套x个性创意xr网红xsmax卡通苹果7 苹果11【直边液态侧边-多只奶茶熊】,悠哉数码专营店,9,38.64
苹果（Apple）iPhone 12 Pro Max (A2412) 256GB 海蓝色 全网通5G 双卡双待手机,联通京东自营旗舰店,11,10099.00
苹果（Apple）iPhone 12 mini 64GB 黑色 全网通5G手机,联通京东自营旗舰店,1,5499.00
"京东超市
纯孩子 苹果充电器快充头PD套装20W兼容18w手机数据线适用12/11/XR/8/7 PD20W+1米PD线套装【安全快速稳定】",纯孩子官方旗舰店,100+,59.90
"京东国际
Apple 苹果 iPhone 12 Pro/Pro Max 手机日版 5G全网通无锁 iphone12 Pro Max石墨色 256G",楽天海外官方旗舰店,2000+,12999.00
Apple 苹果 iPhone 12 移动联通电信5G 双卡双待手机 绿色 128GB,京东电竞手机官方旗舰店,200+,6439.00
普仕邦 苹果12手机壳磁吸iphone12promax镜头全包防摔保护套双面玻璃mini直边 苹果Pro Max【深海蓝】镜头全包,普仕邦官方旗舰店,100+,698.00
万人迷侧边卡通透明适用iphone12pro max苹果11手机壳x/xs防摔8plus女xr 苹果,悠哉数码专营店,21,32.40
"京品手机
Apple iPhone XR (A2108) 128GB 白色 移动联通电信4G手机 双卡双待【购机补贴版】",Apple产品京东自营旗舰店,40万+,4499.00
苹果Apple iPhone 12 Pro Max (A2412) 128GB 海蓝色 支持移动联通电信5G 双卡双待手机,贵州移动京东自营旗舰店,9,9299.00
英悦2021新年iPhone12手机壳苹果12Pro Max牛年Mini本命年液态硅胶女男喜庆过年套 苹果【牛气冲天·红】直边壳+指环扣,考尚手机配件专营店,200+,29.80
Apple 苹果 iPhone 12 mini 128GB 黑色 5G 手机,上海移动京东官方自营旗舰店,73,5999.00
Apple 苹果 iPhone 12 全网通5G手机（12期免息可选） 绿色 64G 6期免息,OKSJ手机旗舰店,200+,6599.00
多兰德苹果12手机壳iPhone12pro翻盖多功能插卡保护套12ProMaX车载磁吸皮套全包防摔 苹果ProMax（6.7英寸）棕色,华青手机配件专营店,20,89.00
苹果（Apple）iPhone 12 mini 128GB 白色 全网通5G手机,联通京东自营旗舰店,1,5999.00
苹果（Apple）iPhone 12 (A2404) 64GB 黑色 全网通5G 双卡双待手机,联通京东自营旗舰店,4,6299.00
耐度 苹果12手机壳防摔iPhone12pro保护镜头全包带指环支架防摔保护套promax男女款外壳 6.7寸苹果promax 黑色,耐度数码旗舰店,26,208.00
苹果（Apple）iPhone 12 mini (A2400) 128GB 蓝色 全网通5G手机,联通京东自营旗舰店,6,5999.00
【24期免息】Apple 苹果 iPhone 12 mini 5G手机 黑色 全网通 128GB+无忧卡 2年电池换新+1年延保,佳沪电商旗舰店,100+,6649.00
Belkin贝尔金30WGaN氮化镓充电器插头Usb-C苹果iphone12安卓兼容PD3.0快充 30W USB-C充电器,贝尔金belkin旗舰店,100+,228.00
苹果（Apple）iPhone 12 mini 64GB 蓝色 全网通5G手机,联通京东自营旗舰店,1,5499.00
苹果（Apple）iPhone 12 (A2404) 64GB 红色 全网通5G 双卡双待手机,联通京东自营旗舰店,1,6299.00
特雷索 适用于苹果12手机壳全包防摔Alcantara欧缔兰翻毛皮iPhone 12 Pro 苹果Pro Max(6.7寸)(克罗心),特雷索官方旗舰店,21,699.00
苹果（Apple）iPhone 12 mini (A2400) 64GB 蓝色 全网通5G手机,联通京东自营旗舰店,4,5499.00
Apple 苹果 iphone SE2 (A2298) 手机 黑色 全网通64G（12期分期0首付）,疆界互联旗舰店,4000+,3539.00
希娜塔 苹果12手机壳磨砂iphone12pro保护套max透明全包12mini超薄防摔套 Pro 透黑,希娜塔旗舰店,300+,198.00
苹果（Apple）iPhone 12 mini (A2400) 128GB 白色 全网通5G手机,联通京东自营旗舰店,6,5999.00
苹果（Apple）iPhone 12 (A2404) 256GB 绿色 全网通5G 双卡双待手机,联通京东自营旗舰店,5,7599.00
曼尔 苹果12Pro手机壳超薄5G素皮商务皮套防摔mini时尚男女iPhone12Promax保护套 苹果Pro-青山黛,曼尔旗舰店,100+,268.00
Apple iPhone 12 (A2404) 128GB 白色 支持移动联通电信5G 双卡双待手机,湖南电信官方自营旗舰店,22,6799.00
千思美 苹果12手机壳12pro新款彩绘液态硅胶12promax直边全包防摔mini个性创意水彩软壳 苹果【春樱色】官方同款水彩,千思美旗舰店,40,27.00
Apple苹果iPhone 12 5G全网通双卡手机 黑色 128GB,四川联通京东自营旗舰店,25,6799.00
Zikko即刻 苹果PD20W充电器 双口快充头适用iPhone12/SE2/11Pro/Xs/手机 1A1C双口 PD20W充电头 白色,Zikko即刻旗舰店,100+,199.00
苹果（Apple）iPhone 12 mini (A2400) 64GB 黑色 全网通5G手机,联通京东自营旗舰店,1,5499.00
Apple iPhone 12 (A2404) 64GB 白色 支持移动联通电信5G 双卡双待手机,中国联通京东自营旗舰店,500+,6299.00
正尼苹果12手机壳潮牌熊11Pro全包防摔11腕带支架XSMAX硅胶壳12Promax创意11Pro 苹果Promax【白色+公仔+挂绳】-送钢化膜,哲迈手机配件专营店,24,141.00
Apple苹果iPhone 12 5G全网通双卡手机 黑色 128GB,贵州移动京东自营旗舰店,9,6799.00
苹果（Apple）iPhone 12 mini 256GB 蓝色 全网通5G手机,联通京东自营旗舰店,0,6799.00
viks 苹果11秒变12手机壳iphone11pro双面玻璃磁吸透明max金属直边摄像头全包防摔新 用于苹果11promax秒变promax-墨绿,viks旗舰店,100+,108.00
"京东国际
Apple iPhone12苹果12 移动联通电信5G（美版有锁）全面屏手机智能手机 红色 美版有锁移动联通电信64GB",东源海外专营店,900+,4999.00
苹果（Apple）iPhone 12 mini (A2400) 128GB 红色 全网通5G手机,联通京东自营旗舰店,5,5999.00
美国TGVI'S锋锐高档苹果12mini/Pro Max手机壳iPhone保护套抗震防摔散热轻薄 骑士白 12/12 Pro,TGVI'S手机配件旗舰店,100+,118.00
苹果（Apple）iPhone 12 (A2404) 64GB 白色 全网通5G 双卡双待手机,联通京东自营旗舰店,4,6299.00
苹果（Apple）iPhone 12 (A2404) 128GB 蓝色 全网通5G 双卡双待手机,联通京东自营旗舰店,4,6799.00
苹果12手机壳iphone12全包防摔11pro网红max保护套涂鸦promax潮mini水彩油画 苹果【水彩雅白】抗油防污,天骏手机配件专营店,200+,58.00
苹果（Apple）iPhone 12 mini (A2400) 128GB 黑色 全网通5G手机,联通京东自营旗舰店,7,5999.00
苹果（Apple）iPhone 12 mini (A2400) 256GB 绿色 全网通5G手机,联通京东自营旗舰店,6,6799.00
Apple苹果12充电器原装20Wpd快充数据线充电头iphone12promax11适配器 20W充电头 白色【单头不含线】,京迈数码配件专营店,55,145.00
苹果（Apple）iPhone 12 mini 64GB 红色 5G手机,联通京东自营旗舰店,0,5499.00
【赠卡首月免月租】Apple iPhone 12 mini (A2400) 64GB 红色 手机 支持移动联通电信5G,中国移动终端京东自营旗舰店,65,5499.00
九尾熊适用于苹果11手机壳iPhone11pro摄像头全包苹果12网红xsmax闪钻se2硅胶防摔软 苹果promax（6.7寸）【点钻-米奇组件】,九尾熊米兰专卖店,21,59.00
Apple苹果iPhone 11手机【白条24期免息可选】 紫色 256GB【白条12期免息】,微炫数码旗舰店,3000+,6999.00
维蒂索 iPhone12手机壳宇航员苹果12pro max软硅胶保护套镜头全包可爱卡通时尚情侣款 苹果promax【黑色气球宇航员】,维蒂索旗舰店,15,68.00
"京东超市
【三代降噪顶配版】君盈Air苹果真无线蓝牙耳机单双耳运动半入耳式华强北安卓华为pro 【升级主动降噪】改名定位+入耳检测+秒弹窗+无线充",君盈京东自营旗舰店,2万+,158.00
苹果（Apple）iPhone 12 Pro Max (A2412) 128GB 金色 全网通5G 双卡双待手机,联通京东自营旗舰店,5,9299.00
魔岩 苹果12手机壳iPhone12ProMax真皮12Mini全包保护套防摔高档商务男女外壳 苹果ProMax【优雅黑】【头层牛皮】,中融国汇手机配件专营店,100+,328.00
【24期免息】Apple 苹果 iPhone 12 Pro 5G手机 海蓝色 全网通 256GB+无忧卡 2年电池换新+1年延保,佳沪电商旗舰店,100+,10499.00
VOKAMO苹果MFI认证PD快充线iPhone12套装1.2米加长编织数据线iPhone12充电线 1.2M【银色】苹果MFI认证PD快充线,VOKAMO旗舰店,92,124.00
Apple 苹果 iPhone 12 Pro Max 5G手机（现货速发 12期免息可选） 海蓝色 256G 期免息,OKSJ手机旗舰店,900+,11299.00
Apple苹果原装15W无线充电器MagSafe磁吸充电头iPhone12pro max/11/XS 15W MagSafe 无线充电器,百品淘官方旗舰店,19,299.00
苹果（Apple）iPhone 12 (A2404) 256GB 白色 全网通5G 双卡双待手机,联通京东自营旗舰店,0,7599.00
丁科 冬季毛绒绒刺绣11/12Pro/Max/mini苹果X/XS/XR/SE手机壳iPhone7p iPhone 11 毛绒紫色 怪怪表情,丁科米兰专卖店,51,38.00
Anker安克MFi认证苹果数据线通用手机快充USB充电器线iPhone12/11/SE2/XR手机 白色 0.9米,Anker旗舰店,2000+,44.90
Apple 苹果 iPhone 12mini 全网通5G小屏单卡手机 白色 64GB,贵州移动京东自营旗舰店,3,5499.00
Apple苹果原装 MagSafe 双项充电器 iPhone12ProMax无线冲 手机手表磁吸快充 MagSafe 双项充电器,锦绣河山专营店,4,1029.00
Apple苹果 12/iPhone 12 5G手机 白色 128G,华信通手机专营店,63,6749.00
Apple苹果iPhone 12 5G全网通双卡手机 绿色 128GB,四川移动京东自营旗舰店,94,6799.00
名界适用于苹果12手机壳iPhone12 promax保护套5G金属玻璃12mini直边镜全包防摔壳 Promax【透明金】,名界旗舰店,63,198.00
HYPER【官网Magsafe磁吸壳】液态硅胶手机壳适用iPhone12/ProMax/12mini 午夜蓝【Magsafe磁吸】液态硅胶 I 加厚款 Pro Max,HYPER旗舰店,300+,98.00
Apple iPhone 12 mini (A2400) 64GB 黑色 手机 支持移动联通电信5G,中国移动官方旗舰店,1000+,5499.00
优内特 苹果12/11手机壳iPhone 12 Promax新年红色富贵全包镜头硅胶防摔pro保护套 11富贵红【肌肤手感赠流苏】第二件半折,优内特旗舰店,14,48.00
Apple iPhone 12 (A2404)5G新品 支持移动联通电信5G 双卡双待手机 蓝色 128GB【6期免息】,Apple美承onezero专卖店,2000+,6799.00
苹果（Apple）iPhone 12 (A2404) 64GB 绿色 全网通5G 双卡双待手机,联通京东自营旗舰店,0,6299.00
瑞丰浩 苹果12液态硅胶手机壳 新款iphone12promax防摔保护套12mini全包磨砂手机套 白色 pro max,瑞丰浩数码专营店,100+,68.00
【可选24期白条免息】Apple 苹果 iPhone 12 Pro（A2408）全网通5G 手机 海蓝色 128G 24期白条免息 搭配 1年延保,京东之家官方旗舰店,41,10329.00
【128G低至4999元】Apple 苹果 iPhone 11 （新包装）手机全网通 白色 128GB,中国移动手机官方旗舰店,3万+,5049.00
九尾熊小怪兽苹果11手机壳iPhone12镜头全包防摔透明磨砂12Promax保护套变十二mini卡 【苹果promax】奶奶灰色侧边怪兽图案,九尾熊米兰专卖店,5,45.00
Apple iPhone 12 (A2404) 128GB 红色 支持移动联通电信5G 双卡双待手机,中国电信自营旗舰店,300+,6799.00
Apple#iPhone 12 (A2404) 64GB 白色 支持移动联通电信5G 双卡双待手机,中国电信自营旗舰店,0,6299.00
Apple苹果原装充电器PD20W快充头手机充电头iphone12promax/11数据线充电线套装 20W充电头 白色【单头不含线】,百品淘官方旗舰店,200+,135.00
宏邦 苹果12pro max手机壳 女款iPhone12 mini镶钻网红高档防摔软壳 苹果Promax,宏邦旗舰店,17,68.00
Apple iPhone 12 mini (A2400) 128GB 白色 手机 支持移动联通电信5G,中国联通京东自营旗舰店,71,5999.00
Apple 苹果 iPhone 12mini 全网通5G小屏单卡手机 黑色 128GB,四川电信京东自营旗舰店,23,5999.00
正尼适用于苹果12手机壳11Pro/Max流沙SE2女mini表情包苹果X透明iPhone12Pro 12/12Pro(6.1英寸)流沙金箔,哲迈手机配件专营店,11,45.00
Apple iPhone 12 Pro (A2408) 128GB 海蓝色 支持移动联通电信5G 双卡双待手机,重庆电信京东自营旗舰店,4,8499.00
Apple iPhone 12 (A2404) 64GB 蓝色 支持移动联通电信5G 双卡双待手机,陕西电信京东自营旗舰店,11,6299.00
正尼ins绿色笑脸适用iphone12promax苹果11手机壳xs/xr刺绣8p7p女mini 苹果12 四宫格刺绣笑脸,正尼米兰专卖店,9,45.00
Apple iPhone 12 (A2404) 128GB 黑色 支持移动联通电信5G 双卡双待手机,广东联通京东自营旗舰店,18,6799.00
Apple iPhone 12 Pro (A2408) 256GB 金色 支持移动联通电信5G 双卡双待手机,重庆联通京东自营旗舰店,28,9299.00
Mophie充电器套装20w墙充USB-C快充PD数据线iPhone12手机充电插头苹果promax 20w墙充+数据线套装,mophie旗舰店,100+,218.00
正尼苹果12手机壳iPhone11 promax创意文字xsmax全包摄像头ins风网红同款mini 苹果 Pro Max 粉紫色NICE！,哲迈手机配件专营店,14,45.00
Apple iPhone 12 Pro Max 支持移动联通电信5G 双卡双待手机 石墨色 256GB【12期免息】,Apple美承onezero专卖店,600+,10735.00
【可选12期免息】Apple 苹果 iPhone 12 Pro Max 5G手机 海蓝色 全网通 256GB（白条期免息）,鹏瑶旗舰店,600+,10899.00
正尼卡通史努比iphone12pro手机壳苹果11可爱xs全包7p镜头8plus硅胶xr防摔x软壳m 苹果 排队小朋友,正尼芊菲凡专卖店,10,45.00
Apple iPhone 12 mini (A2400) 128GB 白色 手机 支持移动联通电信5G,广东联通京东自营旗舰店,5,5999.00
"京东国际
Apple iPhone12 （美版有锁）移动联通电信单卡5G手机 IPHONE12苹果 黑色 128GB美版移动电信有锁",XINKE海外专营店,1000+,5999.00
Apple iPhone 12 (A2404) 128GB 红色 支持移动联通电信5G 双卡双待手机,北京电信京东自营旗舰店,93,6799.00
正尼适用于苹果12手机壳iPhone12pro保护套国潮红色十二ipone古中国风max半透明磨砂i 【苹果】中国红-如意半透明磨砂壳,正尼芊菲凡专卖店,12,45.00
Apple 苹果 iPhone 12 mini 5G手机 黑色 全网通128GB,鹏瑶旗舰店,42,5669.00
丁科全包苹果12手机壳潮牌12pro女新款iphone12硅胶12promax腕带支架mini防摔1 苹果ProMax【暗红色】腕带支架,丁科米兰专卖店,15,65.00
Apple 苹果 iPhone 12mini 全网通5G小屏单卡手机 白色 64GB,重庆联通京东自营旗舰店,18,5499.00
Apple 苹果 iPhone XR 手机 红色 全网通 128GB【老包装】,佳沪电商旗舰店,4万+,4359.00
xoomz苹果12pro max真皮手机壳mini时尚防摔iphone11保护套翻盖磁吸纤薄商务男女 6.7英寸苹果pro max翻盖曲面复古黑色,勒格具数码专营店,100+,148.00
Apple苹果iPhone 12 5G全网通双卡手机 绿色 128GB,四川电信京东自营旗舰店,26,6799.00
Apple iPhone 12 mini (A2400) 128GB 黑色 手机 支持移动联通电信5G,陕西电信京东自营旗舰店,16,5999.00
洛克（ROCK) 苹果12手机壳iPhone12mini/Pro Max保护套防摔液态硅胶壳男女款 苹果12/12Pro【6.1英寸】优雅蓝,ROCK旗舰店,100+,49.00
Apple iPhone 12 Pro (A2408) 256GB 石墨色 支持移动联通电信5G 双卡双待手机,中国联通京东自营旗舰店,100+,9299.00
Apple苹果原装充电器充电头5w手机插头iphone11ProMax/8p/XR/X/12适配器 电源适配器(单头不含线),京迈数码配件专营店,31,139.00
【直播间领券立减】Apple 苹果 iphone 12mini 手机 蓝色 128GB,疆界互联旗舰店,200+,5619.00
"拍拍
【二手99新】Apple iPhone 12 苹果12 全网通5G版 双卡双待二手手机 蓝色（赠20W PD快充） 256G 全网通",华语二手商品专营店,4,6889.00
Apple 苹果 iPhone xr 手机 双卡双待 黑色 全网通 64G【新包装】,鹏瑶旗舰店,5000+,3999.00
Apple iPhone 12 (A2404) 128GB 蓝色 支持移动联通电信5G 双卡双待手机,广州电信京东自营旗舰店,57,6799.00
苹果Apple iPhone12ProMax手机 (A2412)支持移动联通电信5G 双卡双待 海蓝色 128GB,银河信业手机专营店,49,9299.00
Apple苹果iPhone 12 mini 5G手机 绿色 128GB,微炫数码旗舰店,62,5899.00
Apple 苹果 iPhone 12 mini 5G手机全网通 白色 64G,海达飞手机通讯专营店,6,5199.00
Apple iPhone 12 (A2404) 64GB 黑色 支持移动联通电信5G 双卡双待手机,陕西电信京东自营旗舰店,9,6299.00
Apple苹果iPhone12 pro 5G手机 海蓝色 512GB【白条24期免息】,微炫数码旗舰店,40,19099.00
【可选12期白条免息】Apple 苹果 iPhone SE（A2298）全网通4G手机 单卡 黑色 64G 官方标配,京东之家官方旗舰店,3000+,3349.00
Apple iPhone 12 Pro (A2408) 支持移动联通电信5G 双卡双待手机 海蓝色 256GB【期免息】,Apple美承onezero专卖店,200+,9884.00
Apple 苹果 iphone 11 手机 黑色 64GB【新包装】+无忧卡B套餐,易橙手机专营店,8000+,4879.00
【白条12期分期免息】Apple 苹果 iPhone 12 Pro 移动联通电信5G 双卡双待手机 海蓝色 256G（期免息）,京东电竞手机官方旗舰店,70,9859.00
Apple iPhone 12 Pro (A2408) 128GB 海蓝色 支持移动联通电信5G 双卡双待手机,四川联通京东自营旗舰店,12,8499.00
Apple/苹果 iPhone 12 mini 全网通 5G手机 白色 全网通 128G,酷族数码旗舰店,29,5998.00
【分期免息】Apple 苹果 iphone 12 手机 白色 64GB（6期免息）,疆界互联旗舰店,12,6599.00
Apple苹果/iPhone 12 mini 5G手机 蓝色 128G,华信通手机专营店,27,5899.00
Apple iPhone 12 mini (A2400) 手机 支持移动联通电信5G 黑色 128GB,Apple古霖专卖店,39,5699.00
Apple/苹果 iPhone 12 Pro Max 【现货速发】全新国行双卡双待5G手机 海蓝色 全网通256G（期免息）,京合旗舰店,3,11299.00
Apple 苹果 iPhone 12mini 全网通5G小屏单卡手机 黑色 128GB,四川联通京东自营旗舰店,10,5999.00
Apple 苹果 iPhone 12mini 全网通5G小屏单卡手机 蓝色 128GB,四川移动京东自营旗舰店,1,5999.00
Apple iPhone 12 (A2404) 64GB 红色 支持移动联通电信5G 双卡双待手机,陕西电信京东自营旗舰店,4,6299.00
"京东超市
【新降噪三代Pro】Air无线蓝牙耳机华强北顶配果坊洛达1536u苹果11/8/X/ 【pods降噪版】入耳检测+改名定位+秒弹窗+反磁",果坊京东自营旗舰店,2000+,258.00
Apple iPhone 12 mini (A2400) 苹果12mini 全网通 蓝色 64G,联通华盛手机旗舰店,700+,5499.00
Apple 苹果 iPhone 12 mini 全网通5G手机国行 支持移动联通电信 黑色 64G,Apple爱豆专卖店,4,5499.00
Apple iPhone 12 (A2404)苹果12 全网通5G手机 双卡双待 黑色 64GB,联通华盛手机旗舰店,1000+,6299.00
【可选24期白条免息】Apple 苹果 iPhone 11（A2223）全网通4G手机 双卡双待 黑色 64G 官方标配,京东之家官方旗舰店,9000+,5649.00
苹果（Apple） 苹果AirPods2代 无线蓝牙耳机 支持iPhone12/iPad 官方标配【配有线充电盒】,佳沪平板电脑专营店,2万+,888.00
Apple 苹果 iPhone 12 (A2404) 支持移动联通电信5G 全网通 双卡双持手机 黑色 128GB,Apple扬笛手机专卖店,1000+,6529.00
Apple iPhone 12 mini 全网通 国行5G手机 红色 128G,Apple羽通专卖店,100+,5799.00
苹果Apple iPhone 11 Pro 手机 全网通 暗夜绿色 256GB,OKSJ手机旗舰店,3000+,8588.00
苹果Apple iPhone12mini (A2400) 手机 支持移动联通电信5G 白色 256GB,银河信业手机专营店,3,6799.00
Apple 苹果 iPhone 12 mini (A2400) 黑色 128GB,易橙手机专营店,16,5789.00
【可选24期白条免息】Apple 苹果iPhone 12 Pro Max（A2412）全网通5G手机 海蓝色 128G 24期白条免息,京东之家官方旗舰店,97,11099.00
Apple iPhone 12 (A2404) 128GB 白色 支持移动联通电信5G 双卡双待手机,陕西电信京东自营旗舰店,52,6799.00
Apple苹果iPhone 12 5G全网通双卡手机 黑色 128GB,云南电信京东自营旗舰店,3,6799.00
Apple苹果iPhone11双卡双待全网通手机 绿色 128GB,四川电信京东自营旗舰店,100+,5299.00
【12期免息】Apple iPhone 12 (A2404)苹果12全网通5G手机 双卡双待 红色 64GB（期免息）,联通华盛手机旗舰店,200+,6499.00
Apple苹果iPhone12 pro max 5G手机 石墨色 512GB,微炫数码旗舰店,33,12589.00
Apple iPhone7苹果7/Apple苹果 iPhone8全网通手机 iPhone7 金色 全网通 128G,OKSJ手机旗舰店,900+,3199.00
Apple iPhone 12 Pro (A2408) 128GB 海蓝色 支持移动联通电信5G 双卡双待手机,云南电信京东自营旗舰店,2,8499.00
Apple苹果iPhone11双卡双待全网通手机 绿色 128GB,重庆电信京东自营旗舰店,2,5299.00
Apple iPhone 12 Pro支持移动联通电信5G 手机 金色 256GB,豫穆手机专营店,34,10099.00
Apple 苹果 iPhone 12 Pro Max (A2412) 海蓝色 256GB,易橙手机专营店,8,10089.00
Apple iPhone 12 Pro Max 手机 支持移动联通电信5G 双卡双待手机 金色 512GB(24期免息),Apple扬笛手机专卖店,500+,14599.00
Apple iPhone 12 Pro (A2408) 128GB 海蓝色 支持移动联通电信5G 双卡双待手机,四川移动京东自营旗舰店,6,8499.00
Apple 苹果 iPhone 12Pro (A2408) 移动联通电信5G 双卡双待手机 银色 256GB（24期免息）,天域手机专营店,500+,12378.00
Apple 苹果 iphone 12 pro手机 金色 256GB,疆界互联旗舰店,100+,8989.00
Apple 苹果iPhone 12 【白条分期0首付6期免息】支持移动联通电信5G 双卡双待手机 绿色 256GB,豫穆手机专营店,100+,7799.00
【128G低至4999元】Apple 苹果 iPhone 11 （新包装）手机全网通 白色 128GB,中国移动手机官方旗舰店,3万+,5049.00
"京东超市
胜为 30W快充双口充电器PD快充头适用苹果iphone12华为P30/pro小米10Type-C口 PD30W 快充 双口充电器",胜为京东自营手机配件官方旗舰店,500+,59.00
【美国W&P】苹果12手机壳iPhone12pro 保护套mini全包防摔液态硅胶 薰衣草灰 苹果 /pro,W&P专卖店,7000+,78.00
Apple苹果原装 MagSafe 双项充电器 iPhone12ProMax无线冲 手机手表磁吸快充 MagSafe 双项充电器,锦绣河山专营店,4,1029.00
Apple 苹果 iPhone 12 mini 5G手机 黑色 全网通128GB,鹏瑶旗舰店,42,5669.00
凌亿 苹果12手机壳iPhone12ProMax金属边框mini超薄防摔亚克力极光磨砂全包时尚保护套 苹果Pro【海蓝色】,普力丰手机配件专营店,400+,98.00
HYPER【官网Magsafe磁吸壳】液态硅胶手机壳适用iPhone12/ProMax/12mini 午夜蓝【Magsafe磁吸】液态硅胶 I 加厚款 Pro Max,HYPER旗舰店,300+,98.00
【可选12期白条免息】Apple 苹果 iPhone SE（A2298）全网通4G手机 单卡 黑色 64G 官方标配,京东之家官方旗舰店,3000+,3349.00
Apple 苹果 iPhone 12 (A2404) 支持移动联通电信5G 全网通 双卡双持手机 黑色 128GB,Apple扬笛手机专卖店,1000+,6529.00
Apple iPhone 12 mini 全网通 国行5G手机 红色 128G,Apple羽通专卖店,100+,5799.00
苹果Apple iPhone12mini (A2400) 手机 支持移动联通电信5G 白色 256GB,银河信业手机专营店,3,6799.00
【可选24期白条免息】Apple 苹果iPhone 12 Pro Max（A2412）全网通5G手机 海蓝色 128G 24期白条免息,京东之家官方旗舰店,97,11099.00
Apple 苹果 iPhone 12 mini 5G手机 官方 标配 黑色 128G,平天数码旗舰店,400+,5699.00
Apple iPhone 12 Pro Max 手机 支持移动联通电信5G 双卡双待手机 金色 512GB(24期免息),Apple扬笛手机专卖店,500+,14599.00
领臣 苹果无线充电器magsafe磁吸iPhone12ProMax11mini无线充电器15W快速充电,领臣京东自营旗舰店,5000+,89.00
"京东超市
 OKSJ iPhone11数据线苹果手机充电线iPad平板快充7pro/SE/max/xr/xs/8Plus//Air/mini闪充通用usb",OKSJ京东自营旗舰店,9万+,29.90
Apple iPhone 12 mini 全网通 国行5G手机 红色 128G,天咖旗舰店,9,6299.00
Apple iPhone苹果12【24期免息可选】5G全网通 黑色 128G,京联通达旗舰店,100+,6599.00
苹果Apple iPhone 12 Pro Max (A2412) 128GB 海蓝色 支持移动联通电信5G 双卡双待手机,四川移动京东自营旗舰店,16,9299.00
【下单豪礼】Apple 苹果 iPhone11 手机4G（12期免息可选）【新包装】 黑色 全网通 128G（新包装）,千瑞达手机旗舰店,1000+,5099.00
苹果Apple iphone 11 手机全网通智能手机 黑色 64GB,OKSJ手机旗舰店,4000+,4788.00
Apple 苹果 iphone 12mini 5G手机全网通（12期免息可选） 白色 256GB,千瑞达手机旗舰店,3,6768.00
Apple 苹果 iPhone 12 Pro 5G手机 海蓝色 全网通 256GB(无线充套装),鹏瑶旗舰店,200+,8869.00
Apple 苹果 iPhone 12 Pro 5G手机 海蓝色 全网通 128GB,明日数码旗舰店,26,8239.00
Apple苹果iPhone 11 Pro Max大屏手机 双卡双待 银色 256GB,四川电信京东自营旗舰店,5,9899.00
2020新包装 Apple iPhone 11 苹果手机 全网通4G手机 双卡双待 原封国行正品 白色 64G,联通华盛手机旗舰店,5000+,4566.00
Apple苹果iPhone11双卡双待全网通手机 绿色 128GB,云南电信京东自营旗舰店,9,5299.00
Apple苹果iPhone11双卡双待全网通手机 红色 128GB,重庆联通京东自营旗舰店,100+,5299.00
【苹果新品】Apple 苹果 iPhone 12mini (A2400) 移动联通电信5G 智能手机 白色 64GB,天域手机专营店,63,5598.00
"京东超市
亿色(ESR) 苹果12/12 Pro手机壳 iPhone12/12 Pro保护套超薄气囊防摔全包硅胶透明软壳男女时尚商务简约-明护",ESR京东自营旗舰店,2000+,32.70
Apple iPhone 12 mini 手机【白条分期0首付6期免息】支持移动联通电信5G 黑色 128GB,豫穆手机专营店,39,5999.00
苹果Apple iPhone 12 Pro Max 【白条分期0首付6期分期】 支持移动联通电信 海蓝色 128GB,豫穆手机专营店,26,9699.00
【全新正品】Apple苹果 iPhone12 Pro max 5G手机全网通（12期免息可选） 海蓝色 512GB（期免息）,千瑞达手机旗舰店,11,13998.00
苹果Apple iPhone 11 Pro Max 手机全网通智能手机 暗夜绿色 512GB,OKSJ手机旗舰店,2000+,10888.00
"拍拍
【二手99新】Apple iPhone12mini 苹果12mini 5G官方在保 全网通 黑色 128G 全网通",爱相随二手商品专营店,14,5199.00
Apple苹果11 promax 手机 iPhone11Promax 双卡双待【白条24期免息可选】 金色 64GB（白条期免息）,微炫数码旗舰店,200+,8489.00
【全新正品】Apple 苹果iPhone7（A1660）全网通4G手机 磨砂黑 官方标配 128G 【期免息版】,千瑞达手机旗舰店,2000+,3399.00
品飞【带标】苹果12手机壳Magsafe磁吸12promax皮革全包12pro液态硅胶mini保护套 带标真皮植绒【花菱草】支持magsafe 12/12pro（通用）,天骏手机配件专营店,2000+,88.00
"京东超市
朗客 苹果11手机壳iPhone11镜头全包保护套透明防摔超薄软壳男女潮6.1英寸【苹果11秒变经典直边款】星空黑",朗客京东自营旗舰店,2000+,19.90
Apple苹果iPhone 11 Pro 小屏 手机 双卡双待 金色 256GB,四川移动京东自营旗舰店,2,8799.00
Apple苹果iPhone 11 Pro Max大屏手机 双卡双待 银色 256GB,四川移动京东自营旗舰店,4,9899.00
"拍拍
【二手99新】Apple苹果 iPhone 12 移动联通电信5G双卡双待手机 白色 64GB 全网通",零一店二手商品专营店,100+,5549.00
"京东超市
【1月顶配】ZNNCO Air苹果无线蓝牙耳机适用iPhone7/8p/Xs/11pro华强北二代 【二代1:1】秒弹窗+三真电量+入耳检测+开盖反磁",ZNNCO京东自营旗舰店,2000+,128.00
"拍拍
【准新机】Apple苹果 iPhone 12 (A2404) 支持移动联通电信5G 双卡双待手机 绿色+无线充 128GB（在保220天以上）",无忧二手手机专营店,86,6249.00
【现货国行-6699元起-可分期】Apple 苹果 iPhone 11Pro 手机 深空灰色 全网通(64GB),明日数码旗舰店,3000+,6699.00
图拉斯苹果数据线手机快充USB充电器线iPhone12/6/7/8Plus/X/XR/11/iPad 1.68米【快不伤机丨耐用不弹窗】,图拉斯旗舰店,4000+,48.00
Apple iPhone苹果12 mini【12期免息可选】5G全网通 黑色 128G（12期分期免息）,京联通达旗舰店,200+,6299.00
Smorss【贴坏包赔】苹果12ProMax防窥钢化膜 iPhone12ProMax手机膜 全屏覆盖360度防偷看屏全方位防窥保护膜,Smorss京东自营旗舰店,2万+,45.90
毕亚兹 苹果快充套装PD充电器18W充电头数据线适用/XR/11Pro/XS手机 Type-C转Lightning苹果闪充,毕亚兹(BIAZE)京东自营旗舰店,3万+,69.00
"京东超市
【顶配版】MR.G Air真无线蓝牙耳机苹果12华为小米iPhone11适用双耳运动华强北二代洛达 改名定位+顶配音质+入耳检测+秒弹窗配对 2021年2代顶配旗舰版",MR.G京东自营官方旗舰店,700+,138.00
Apple/苹果iPhone11(A2223)国行全新正品手机 黑色（碎屏险套装） 全网通128GB（期免息）,京合旗舰店,2000+,5649.00
英悦iPhoneX苹果XR手机壳X直边XS Max秒变12直边直角边方形全包液态硅胶改耐克网红潮女套 苹果X/XS【珍珠白】SGS认证原料+钢化膜,英悦手机配件旗舰店,2000+,19.80
"拍拍
【二手99新】Apple/苹果 iPhone 12 MINI 苹果 12mini 国行 原装二手手机 白色 128G",爱乐优二手商品专营店,100+,5249.00
Apple 苹果iphoneSE手机分期 黑色 128G（12期免息）,京联通达旗舰店,500+,4099.00
"京东超市
罗马仕 CB12B苹果数据线充电线手机2.4a快充充电器线iPhone11Pro Max/Xs/XR/8/7plus/6/ipad 红黑色 1米",罗马仕京东自营旗舰店,4000+,13.90
"京东超市
科沃 【买一送一】苹果数据线手机快充充电器线头iphone12Pro/Xs Max/XR/8/7/plus/mini USB电源线 2米",科沃（KOVOL）京东自营旗舰店,7000+,21.90
Apple 苹果 iPhone 11 Pro 移动联通电信4G手机 双卡双待 金色 64GB,茄子手机旗舰店,1000+,6349.00
Apple 苹果 iPhone7全网通 4G智能手机 磨砂黑 全网通128G【12期免息】,OKSJ手机旗舰店,700+,3399.00
Apple 苹果 iPhoneXR (A2108) 全网通移动联通电信4G手机双卡双待 黑色 128G【新包装无耳机+速充头】,银河信业手机专营店,600+,4699.00
Apple苹果11pro 手机 小屏幕智能手机 双卡双待 4G手机【白条24期免息可选】 金色 64GB（白条24期免息套装）,微炫数码旗舰店,100+,8288.90
Apple 苹果 iPhone 11 Pro Max 手机 金色 全网通 256G,冰之凯盛手机旗舰店,700+,9699.00
苹果（Apple） 苹果AirPods Pro 主动降噪无线蓝牙耳机 支持iPhone12/iPad 官方标配,佳沪平板电脑专营店,1万+,1539.00
Apple 苹果11/iPhone11【白条12/24期免息】AI拍照苹果手机 黑色 全网通128GB（白条期免息）,olj欧霖爵手机旗舰店,400+,5799.00
哒尚 潮牌日系标签苹果11/XS/SE2手机壳iphone7PLUS/6透明软壳12/8/XR男女款 【京都车票】透明软壳 苹果11 6.1寸,哒尚旗舰店,48,18.00
Apple iPhone苹果12 pro【12期免息可选】5G全网通 石墨色 128G（原装20w充电装+碎屏宝一年）,京联通达旗舰店,60,8689.00
现货速发 苹果 手机 AppleiPhone 11Pro 暗夜绿色 256GB,臻火旗舰店,800+,8599.00
"拍拍
【准新机】Apple iPhone 12Pro苹果12Pro 全网通5G版 官方在保 海蓝色 256G 全网通",无忧二手手机专营店,0,8799.00
Apple 苹果 iPhone 12 (A2404) 5G全网通手机 【白条24期分期免息】 绿色 64G（24期免息）,牧申手机旗舰店,28,7699.00
美国TGVI'S苹果12mini/11ProMax钢化膜全屏覆盖手机康宁大猩猩iPhoneXR/Xs 高清版- 11/XR,TGVI'S手机配件旗舰店,2000+,85.00
苹果Apple iPhone11Pro 手机【老包装内置原厂耳机+速充头】 暗夜绿色 256GB,银河信业手机专营店,300+,8399.00
Apple 苹果7/苹果11 4G智能手机 银色 官方标配 128GB,明日数码旗舰店,900+,3098.00
Apple 苹果 iPhone Xs 手机 深空灰色 全网通 64G,冰之凯盛手机旗舰店,200+,4939.00
"拍拍
【二手99新】Apple iPhone 12 Pro Max A14 全网通5G 国行 二手手机 石墨色 128G（送20W快充）",机淘淘二手商品专营店,8,8698.00
Apple 苹果 iphone Xs Max 手机 深空灰 全网通 256G,冰之凯盛手机旗舰店,300+,7899.00
苹果Apple iPhone7全网通4G版单卡智能手机苹果7 金色 128G,莫拉克手机专营店,100+,2969.00
Apple 苹果 iPhone 11Pro 手机 金色 全网通 256G,冰之凯盛手机旗舰店,300+,8459.00
Apple 苹果 iPhone XR 手机 现货速发 黑色 6+64G全网通简装（2年电池换新1年延保1年碎）,冰之凯盛手机旗舰店,1000+,4288.00
"拍拍
【二手95新】Apple iPhone 11 (A2223) 苹果11双卡双待 二手手机 绿色 128G全网通苹果 期免息",京粉二手手机专营店,5000+,4679.00
【白条24期免息】Apple 苹果 iPhone 11 手机 黑色 全网通128G（24期分期新包装）,疆界互联旗舰店,700+,6299.00
"拍拍
【准新机】Apple苹果 iPhone 12 移动联通电信5G双卡双待手机 蓝色（在保260天以上） 64G全网通5G+送无线充",小象严选二手商品专营店,6,5475.00
Apple iPhone 12 Pro Max (A2412) 5G手机 全网通苹果手机 海蓝色 256GB,联通华盛手机旗舰店,100+,10099.00
"京东超市
倍思 苹果快充PD20W超迷你充电器白+Type-c转Lightning快充20W黑2米 适用12/11ProXSMax手机套装",倍思（Baseus）京东自营旗舰店,2000+,81.00
"京东超市
苹果（Apple） 新款AirPods2代真无线蓝牙耳机 支持iPhone12Pro Max AirPods2（标准版） 标配",APPLE翔合专卖店,20万+,968.00
"京东超市
阿迪达斯（adidas) 苹果iPhone12ProMax手机壳保护套6.7英寸 防滑防摔可无线充电 经典三叶草-闪亮中国红",adidas手机配件京东自营旗舰店,24,149.00
"拍拍
【准新机】Apple iPhone 苹果12 mini 手机 二手手机 支持移动联通电信5G 黑色+送无线充 128G全网通（官方在保）",小象严选二手商品专营店,12,5089.00
Apple苹果iphone11 双卡双待4G手机 新包装 分期免息 黑色 全网通 128GB 白条期分期免息,一佳手机专营店,85,5699.00
苹果(Apple) iPhone SE 手机 支持【白条分期】 红色 全网通 128G,冰之凯盛手机旗舰店,600+,3799.00
【现货国行-】Apple 苹果 iPhone11 Pro 手机 深空灰色 全网通64GB,鹏瑶旗舰店,700+,6449.00
【白条12期分期免息】Apple 苹果 iPhone SE 二代 手机 全网通 黑色 128GB（12期免息）,京东电竞手机官方旗舰店,200+,4099.00
Apple iPhone 12 Pro Max 全网通 大屏三摄长续航5G国行双卡双待手机 海蓝色 256G,天咖旗舰店,92,10599.00
Apple 苹果iPhone XS Max 全新国行手机全网通未激活未拆封 深空灰色 全网通256G,爱优创杰手机旗舰店,100+,8599.00
【白条24期免息】Apple 苹果 iPhone 11Pro 手机 暗夜绿色 256G 全网通,佳沪电商旗舰店,400+,10588.00
HJfulle 蓝牙耳机适用于苹果华为无线双耳iphone12降噪11pro三代入耳式3代华强北 【顶配版】杜比全景音质全功能+白色套+数据线 官方标配,HJfulle官方旗舰店,84,199.00
"拍拍
【准新机】Apple iPhone12 Pro Max(A2412)苹果12ProMax 海蓝色+无线充 256G全网通（5G（在保260天以上））",小象严选二手商品专营店,2,9269.00
"拍拍
【二手9成新】【白条6/12期免息】苹果（Apple）iPhone 7二手手机国行全网通 32G 6期免息 默认黑色其他颜色备注或联系客服",和初二手商品专营店,500+,999.00
【退换无忧/现货当天发/老包装】Apple 苹果 iPhone 11 全网通4G手机 白色 全网通128GB（期免息）,天域手机专营店,300+,6258.00
Apple iPhone 11 苹果(A2223) 移动联通电信4G手机 双卡双待 黑色 128GB 新包装,爱优创杰手机旗舰店,58,5099.00
Apple 苹果 iPhone 11 (A2223) 移动联通电信4G手机 双卡双待 紫色 128G,久汇通手机旗舰店,56,5199.00
【全新国行原封未激活】Apple/苹果 iPhone XR移动联通电信4G全网通手机 双卡双待全新机 白色 128GB+原装20W充头,湘桂发手机专营店,6,5299.00
Apple iPhone11 Pro 苹果手机全网通（部分12期免息可选） 金色 64GB（12期免息）,联通华盛手机旗舰店,11,7555.00
【现货国行】Apple 苹果 iPhone11 Pro max 手机 双卡双待 金色 全网通64G,鹏瑶旗舰店,500+,7299.00
【现货速发】Apple 苹果 iPhone 11 手机 黑色 全网通 256G,岗隆手机专营店,42,6199.00
"拍拍
【二手99新】苹果xsmax 二手手机 Apple iPhone xsmax 【分期免息 0首付】 银色 全网通 64G【分期期免息】",好采机二手商品专营店,1000+,4099.00
Apple 苹果iPhone 11 Pro手机 金色 256GB,宏图手机专营店,300+,8349.00
"拍拍
【二手99新】Apple iPhone 12Pro苹果12Pro 5G版双卡双待 官方在保 海蓝色 256G 全网通",爱相随二手商品专营店,8,8599.00
"拍拍
【二手99成新】苹果11二手手机 Apple iPhone 11 【白条分期免息 0首付】 红色 256G全网通(白条期免息)",好采机二手商品专营店,800+,5099.00
"拍拍
【二手99新】苹果11 二手苹果手机 Apple iPhone 11 二手手机 黑色 128G 12期白条分期0首付",真不同二手商品专营店,1000+,4699.00
"拍拍
【二手99新】Apple iPhone12ProMax苹果12ProMax 5G官方在保 海蓝色（赠20W PD快充） 256G 全网通",华语二手商品专营店,35,9299.00
苹果Apple iPhone11手机 【老包装】内置原厂速充头/耳机 (性价比高) 黄色【老包装】内置原厂速充头/耳机 64GB,银河信业手机专营店,100+,4599.00
Apple 苹果 iPhone 12Pro Max (A2412) 移动联通电信5G 双卡双待手机 金色 128GB,天域手机专营店,20,9718.00
Apple/苹果 iPhone 7全网通手机【分期免息 0首付】 现货速发 黑色 全网通 128G,冰之凯盛手机旗舰店,200+,2999.00
"拍拍
【二手99成新】Apple iPhone 11 苹果11二手苹果手机 黑色 128G全网通【白条期免息】",缘翼优品二手商品专营店,1000+,4459.00
苹果Apple iPhone 11 Pro【京东白条分期套餐0首付3期免息】全网通手机 双卡双待 金色 256GB,豫穆手机专营店,74,8999.00
Apple AirPods2代 苹果无线蓝牙耳机二代入耳式 手机耳机iPhone12 Pro Max 【标配版】,利特范旗舰店,1万+,899.00
"拍拍
【二手95新】Apple iPhone 11 (A2223) 苹果11双卡双待全面屏游戏 二手手机 黄色 64G 全网通苹果 期免息",抖机优品二手手机专营店,1000+,4399.00
[广东移动合约机]Apple 苹果 iPhone 12mini 全网通5G手机 HFQ36 289元及以下套餐升档389元套餐36个月合约价 128G,中国移动手机官方旗舰店,1,3599.00
